﻿0;SAINT-ETIENNE-DU-BOIS;1370.0;350
1;CHEVRY;1170.0;103
2;DIVONNE-LES-BAINS;1220.0;143
3;PERON;1630.0;288
4;VALSERHONE;1200.0;33
5;CULOZ;1350.0;138
6;ST-GENIS-POUILLY;1630.0;354
7;OYONNAX;1100.0;283
8;ST-GERMAIN-DE-JOUX;1130.0;357
9;GEX;1170.0;173
10;AMBERIEU-EN-BUGEY;1500.0;4
11;CESSY;1170.0;71
12;SAULT-BRENAZ;1150.0;396
13;FERNEY-VOLTAIRE;1210.0;160
14;SEGNY;1170.0;399
15;LAGNIEU;1150.0;202
16;LE POIZAT-LALLEYRIAT;1130.0;204
17;BELLEY;1300.0;34
18;ORNEX;1210.0;281
19;DORTAN;1590.0;148
20;PREVESSIN-MOENS;1280.0;313
21;BRENOD;1110.0;60
22;SAINT-JEAN-LE-VIEUX;1640.0;363
23;NANTUA;1130.0;269
24;SAINT-DENIS-EN-BUGEY;1500.0;345
25;THOIRY;1710.0;419
26;BELLIGNAT;1100.0;31
27;PLATEAU D'HAUTEVILLE;1110.0;185
28;LELEX;1410.0;210
29;VESANCY;1170.0;436
30;IZERNORE;1580.0;192
31;ECHENEVEX;1170.0;153
32;VERSONNEX;1210.0;435
33;SAINT-VULBAS;1150.0;390
34;COLLONGES;1550.0;109
35;CHAMPAGNE-EN-VALROMEY;1260.0;79
36;JUJURIEUX;1640.0;199
37;MATAFELON-GRANGES;1580.0;240
38;HAUT-VALROMEY;1260.0;187
39;ARBENT;1100.0;14
40;LOYETTES;1360.0;224
41;MIJOUX;1410.0;247
42;SERGY;1630.0;401
43;FARGES;1550.0;158
44;CROZET;1170.0;135
45;VILLARS-LES-DOMBES;1330.0;443
46;MEXIMIEUX;1800.0;244
47;MONTCEAUX;1090.0;258
48;MONTLUEL;1120.0;262
49;JASSANS-RIOTTIER;1480.0;194
50;BEAUREGARD;1480.0;30
51;DAGNEUX;1120.0;142
52;MIONNAY;1390.0;248
53;VILLIEU-LOYES-MOLLON;1800.0;450
54;CHAUNY;2300.0;173
55;LAON;2000.0;408
56;LA FERE;2800.0;304
57;URCEL;2000.0;755
58;SAINT GOBAIN;2410.0;680
59;TERGNIER;2700.0;738
60;FOLEMBRAY;2670.0;318
61;SAINT QUENTIN;2100.0;691
62;SOISSONS;2200.0;722
63;COURMELLES;2200.0;226
64;VIC SUR AISNE;2290.0;795
65;VILLERS-COTTERETS;2600.0;810
66;LARGNY SUR AUTOMNE;2600.0;410
67;NANTEUIL LA FOSSE;2880.0;537
68;VAILLY-SUR-AISNE;2370.0;758
69;COEUVRES ET VALSERY;2600.0;201
70;BELLEU;2200.0;64
71;CHATEAU THIERRY;2400.0;168
72;FERE EN TARDENOIS;2130.0;305
73;MOULINS;3000.0;190
74;YZEURE;3400.0;321
75;CUSSET;3300.0;95
76;VICHY;3200.0;310
77;SISTERON;4200.0;209
78;RIEZ;4500.0;166
79;ENCHASTRAYES;4400.0;73
80;CHATEAU-ARNOUX-SAINT-AUBAN;4160.0;49
81;DIGNE-LES-BAINS;4000.0;70
82;MONTCLAR;4140.0;126
83;ALLOS;4260.0;6
84;CASTELLANE;4120.0;39
85;JAUSIERS;4850.0;96
86;LE LAUZET UBAYE;4340.0;102
87;SEYNE;4140.0;205
88;SAINTE CROIX DU VERDON;4500.0;176
89;FAUCON-DE-BARCELONNETTE;4400.0;86
90;BARCELONNETTE;4400.0;19
91;GREOUX-LES-BAINS;4800.0;94
92;SAINT-MARTIN-DE-BROMES;4800.0;189
93;PEIPIN;4200.0;145
94;VOLX;4130.0;245
95;FORCALQUIER;4300.0;88
96;SELONNET;4140.0;203
97;MANOSQUE;4100.0;112
98;UVERNET-FOURS;4400.0;226
99;NOYERS-SUR-JABRON;4200.0;139
100;PIERRERUE;4300.0;151
101;ORAISON;4700.0;143
102;L ESCALE;4160.0;79
103;VILLENEUVE;4180.0;242
104;VALENSOLE;4210.0;230
105;VOLONNE;4290.0;244
106;SAINTE-TULLE;4220.0;197
107;SAINT-ETIENNE-LES-ORGUES;4230.0;178
108;DEMANDOLX;4120.0;69
109;BARREME;4330.0;22
110;LARAGNE-MONTEGLIN;5300.0;70
111;SAINT-MICHEL-DE-CHAILLOL;5260.0;153
112;MONTGARDIN;5230.0;84
113;VARS;5560.0;177
114;EMBRUN;5200.0;46
115;SAINT-SAUVEUR;5200.0;156
116;BRIANCON;5100.0;23
117;ORCIERES;5170.0;96
118;VALLOUISE-PELVOUX;5340.0;101
119;L'ARGENTIERE-LA-BESSEE;5120.0;6
120;GAP;5000.0;61
121;LE DEVOLUY;5250.0;139
122;LA CHAPELLE-EN-VALGAUDEMAR;5800.0;64
123;ABRIES-RISTOLAS;5460.0;1
124;LA SALLE;5240.0;161
125;VEYNES;5400.0;179
126;ANCELLE;5260.0;4
127;LES ORRES;5200.0;98
128;SERRES;5700.0;166
129;RISOUL;5600.0;119
130;CHORGES;5230.0;40
131;PUY SAINT VINCENT;5290.0;110
132;SAINT-BONNET-EN-CHAMPSAUR;5500.0;132
133;NEVACHE;5100.0;93
134;LE MONETIER-LES-BAINS;5220.0;79
135;LA BATIE NEUVE;5230.0;17
136;GUILLESTRE;5600.0;65
137;SAVINES-LE-LAC;5160.0;164
138;MONTGENEVRE;5100.0;85
139;LAYE;5500.0;72
140;PUY-SANIERES;5200.0;111
141;SAINT-CHAFFREY;5330.0;133
142;NICE;6000.0;88
143;NICE;6300.0;88
144;NICE;6100.0;88
145;SAINT-ANDRE DE LA ROCHE;6730.0;114
146;LA TRINITE;6340.0;149
147;FALICON;6950.0;60
148;NICE;6200.0;88
149;MENTON;6500.0;83
150;ROQUEBRUNE CAP MARTIN;6190.0;104
151;BEAUSOLEIL;6240.0;12
152;LA BRIGUE;6430.0;162
153;SAORGE;6540.0;132
154;TENDE;6430.0;163
155;SOSPEL;6380.0;136
156;CASTELLAR;6500.0;35
157;CASTILLON;6500.0;36
158;GORBIO;6500.0;67
159;MOULINET;6380.0;86
160;BREIL-SUR-ROYA;6540.0;23
161;SAINTE-AGNES;6500.0;113
162;VILLEFRANCHE-SUR-MER;6230.0;159
163;ISOLA;6420.0;73
164;PEONE;6470.0;94
165;VALDEBLORE;6420.0;153
166;BEAULIEU SUR MER;6310.0;11
167;PEILLON;6440.0;92
168;DRAP;6340.0;54
169;L'ESCARENE;6440.0;57
170;CAP-D AIL;6320.0;32
171;VILLARS-SUR-VAR;6710.0;158
172;SAINT-MARTIN-VESUBIE;6450.0;127
173;BENDEJUN;6390.0;14
174;SAINT-ETIENNE-DE-TINEE;6660.0;120
175;SAINT-MARTIN-DU-VAR;6670.0;126
176;CONTES;6390.0;48
177;LA TURBIE;6320.0;150
178;GUILLAUMES;6470.0;71
179;PEILLE;6440.0;91
180;EZE;6360.0;59
181;GILETTE;6830.0;66
182;ROQUEBILLIERE;6450.0;103
183;COLOMARS;6670.0;46
184;SAINT-JEAN-CAP-FERRAT;6230.0;121
185;LEVENS;6670.0;75
186;BEUIL;6470.0;16
187;BERRE-LES-ALPES;6390.0;15
188;TOUDON;6830.0;141
189;BLAUSASC;6440.0;19
190;BELVEDERE;6450.0;13
191;LUCERAM;6440.0;77
192;LANTOSQUE;6450.0;74
193;ASPREMONT;6790.0;6
194;LA BOLLENE-VESUBIE;6450.0;20
195;RIMPLAS;6420.0;102
196;CANTARON;6340.0;31
197;CLANS;6420.0;42
198;LA ROQUETTE SUR VAR;6670.0;109
199;UTELLE;6450.0;151
200;PUGET-THENIERS;6260.0;99
201;LE CANNET;6110.0;30
202;MOUANS-SARTOUX;6370.0;84
203;VALLAURIS;6220.0;155
204;ANTIBES;6600.0;4
205;ANTIBES;6160.0;4
206;LA ROQUETTE SUR SIAGNE;6550.0;108
207;MOUGINS;6250.0;85
208;BIOT;6410.0;18
209;CANNES;6400.0;29
210;CANNES;6150.0;29
211;MANDELIEU-LA-NAPOULE;6210.0;79
212;GRASSE;6130.0;69
213;PEGOMAS;6580.0;90
214;THEOULE-SUR-MER;6590.0;138
215;CARROS;6510.0;33
216;VENCE;6140.0;157
217;SAINT-CEZAIRE-SUR-SIAGNE;6530.0;118
218;LE BROC;6510.0;25
219;SAINT-VALLIER-DE-THIEY;6460.0;130
220;LA GAUDE;6610.0;65
221;LE BAR-SUR-LOUP;6620.0;10
222;VALBONNE;6560.0;152
223;GREOLIERES;6620.0;70
224;PEYMEINADE;6530.0;95
225;ANDON;6750.0;3
226;CAGNES SUR MER;6800.0;27
227;VILLENEUVE-LOUBET;6270.0;161
228;SAINT LAURENT DU VAR;6700.0;123
229;LA COLLE SUR LOUP;6480.0;44
230;SAINT-PAUL-DE-VENCE;6570.0;128
231;SAINT-JUST-D'ARDECHE;7700.0;259
232;VALS-LES-BAINS;7600.0;331
233;BOURG-SAINT-ANDEOL;7700.0;42
234;GRAVIERES;7140.0;100
235;SALAVAS;7150.0;304
236;AUBENAS;7200.0;19
237;LA-VOULTE-SUR-RHONE;7800.0;349
238;PRIVAS;7000.0;186
239;CHARMES-SUR-RHONE;7800.0;55
240;VALLON PONT D'ARC;7150.0;330
241;LABEGUDE;7200.0;116
242;RUOMS;7120.0;201
243;LANAS;7200.0;131
244;SAINT-SERNIN;7200.0;296
245;SAINT-GEORGES-LES-BAINS;7800.0;240
246;VIVIERS;7220.0;346
247;SAINT-MONTAN;7220.0;279
248;ST JULIEN EN ST ALBAN;7000.0;255
249;SAINT-MARTIN-D' ARDECHE;7700.0;268
250;TOURNON-SUR-RHONE;7300.0;324
251;SAINT-PERAY;7130.0;281
252;GUILHERAND-GRANGES;7500.0;102
253;ANNONAY;7100.0;10
254;SARRAS;7370.0;308
255;FELINES;7340.0;89
256;SAINT-JEAN-DE-MUZOLS;7300.0;245
257;DAVEZIEUX;7430.0;78
258;CHARLEVILLE-MEZIERES;8000.0;105
259;GIVET;8600.0;190
260;SAINT-LAURENT;8090.0;385
261;RETHEL;8300.0;362
262;SEDAN;8200.0;409
263;CARIGNAN;8110.0;90
264;BALAN;8200.0;43
265;BAZEILLES;8140.0;53
266;USTOU;9140.0;322
267;SAVERDUN;9700.0;282
268;FOIX;9000.0;122
269;SAINT-JEAN-DU-FALGA;9100.0;265
270;LUZENAC;9250.0;176
271;AX-LES-THERMES;9110.0;32
272;MIREPOIX;9500.0;194
273;LAVELANET;9300.0;160
274;PAMIERS;9100.0;225
275;DAUMAZAN-SUR-ARIZE;9350.0;105
276;SAINTE SAVINE;10300.0;362
277;ROSIERES PRES TROYES;10430.0;325
278;ROMILLY SUR SEINE;10100.0;323
279;SAINT JULIEN LES VILLAS;10800.0;343
280;SAINT ANDRE LES VERGERS;10120.0;333
281;TROYES;10000.0;387
282;TRAINEL;10400.0;382
283;LA CHAPELLE ST LUC;10600.0;81
284;BAR SUR AUBE;10200.0;33
285;PONTSAINTE MARIE;10150.0;297
286;NOGENT SUR SEINE;10400.0;268
287;LES NOES PRES TROYES;10420.0;265
288;COLOMBE LA FOSSE;10200.0;102
289;DIENVILLE;10500.0;123
290;CARCASSONNE;11000.0;69
291;CASTELNAUDARY;11400.0;76
292;PEXIORA;11150.0;281
293;TREBES;11800.0;397
294;LAVALETTE;11290.0;199
295;LIMOUX;11300.0;206
296;RENNES LES BAINS;11190.0;310
297;FITOU;11510.0;144
298;SIGEAN;11130.0;379
299;PORT-LA-NOUVELLE;11210.0;266
300;GRUISSAN;11430.0;170
301;LEUCATE;11370.0;202
302;NARBONNE;11100.0;262
303;VINASSAN;11110.0;441
304;FLEURY D AUDE;11560.0;145
305;BOUTENAC;11200.0;48
306;PEYRIAC DE MER;11440.0;285
307;BAGES;11100.0;24
308;LEZIGNAN-CORBIERES;11200.0;203
309;SALLES D AUDE;11110.0;370
310;MOUSSAN;11120.0;258
311;COURSAN;11110.0;106
312;LE MONASTERE;12000.0;146
313;MARSEILLE 2EME;13002.0;202
314;MARSEILLE 4EME;13004.0;204
315;MARSEILLE 1ER;13001.0;201
316;MARSEILLE 16EME;13016.0;216
317;MARSEILLE 15EME;13015.0;215
318;MARSEILLE 3EME;13003.0;203
319;MARSEILLE 14EME;13014.0;214
320;MARSEILLE 14EME;13013.0;214
321;MARSEILLE 10EME;13010.0;210
322;MARSEILLE 7EME;13007.0;207
323;MARSEILLE 5EME;13005.0;205
324;MARSEILLE 6EME;13006.0;206
325;MARSEILLE 9EME;13009.0;209
326;AUBAGNE;13400.0;5
327;MARSEILLE 8EME;13008.0;208
328;CARNOUX-EN-PROVENCE;13470.0;119
329;CASSIS;13260.0;22
330;ROQUEVAIRE;13360.0;86
331;LA CIOTAT;13600.0;28
332;LA DESTROUSSE;13112.0;31
333;AURIOL;13390.0;7
334;LA PENNE SUR HUVEAUNE;13821.0;70
335;LA BOUILLADISSE;13720.0;16
336;SAINT SAVOURNIN;13119.0;101
337;ROQUEFORT LA BEDOULE;13830.0;85
338;PEYPIN;13124.0;73
339;GREASQUE;13850.0;46
340;GEMENOS;13420.0;42
341;CUGES LES PINS;13780.0;30
342;MARSEILLE 13EME;13013.0;213
343;MARSEILLE 12EME;13012.0;212
344;PLAN DE CUQUES;13380.0;75
345;MARSEILLE 11EME;13011.0;211
346;MARSEILLE 12EME;13004.0;212
347;ALLAUCH;13190.0;2
348;MIRAMAS;13140.0;63
349;SALON-DE-PROVENCE;13300.0;103
350;AIX EN PROVENCE;13100.0;1
351;ROUSSET;13790.0;87
352;ENSUES-LA-REDONNE;13820.0;33
353;CHATEAUNEUF-LES-MARTIGUES;13220.0;26
354;VITROLLES;13127.0;117
355;MARIGNANE;13700.0;54
356;GIGNAC-LA-NERTHE;13180.0;43
357;EYRAGUES;13630.0;36
358;SAINT-REMY-DE-PROVENCE;13210.0;100
359;ARLES;13200.0;4
360;GRAVESON;13690.0;45
361;EYGUIERES;13430.0;35
362;CHATEAURENARD;13160.0;27
363;CAEN;14000.0;118
364;MERVILLE FRANCEVILLE;14810.0;409
365;GRANDCAMP-MAISY;14450.0;312
366;LISIEUX;14100.0;366
367;HONFLEUR;14600.0;333
368;TROUVILLE-SUR-MER;14360.0;715
369;DIVES-SUR-MER;14160.0;225
370;VILLERS-SUR-MER;14640.0;754
371;DEAUVILLE;14800.0;220
372;HOULGATE;14510.0;338
373;PONT-L EVEQUE;14130.0;514
374;BLONVILLE-SUR-MER;14910.0;79
375;TOURGEVILLE;14800.0;701
376;TOUQUES;14800.0;699
377;BENERVILLE-SUR-MER;14910.0;59
378;DOZULE;14430.0;229
379;EQUEMAUVILLE;14600.0;243
380;SAINT-ARNOULT;14800.0;557
381;RIVIERE-SAINT-SAUVEUR (LA);14600.0;536
382;ANGOULEME;16000.0;15
383;RUELLE-SUR-TOUVRE;16600.0;291
384;SOYAUX;16800.0;374
385;BARBEZIEUX SAINT HILAIRE;16300.0;28
386;L'ISLE D'ESPAGNAC;16340.0;166
387;GOND PONTOUVRE;16160.0;154
388;SAINT-MICHEL;16470.0;341
389;SAINT-XANDRE;17138.0;414
390;LA ROCHELLE;17000.0;300
391;LAGORD;17140.0;200
392;PERIGNY;17180.0;274
393;CHATELAILLON-PLAGE;17340.0;94
394;AYTRE;17440.0;28
395;CLAVETTE;17220.0;109
396;LOIX;17111.0;207
397;SAINT-MARTIN-DE-RE;17410.0;369
398;COURCON;17170.0;127
399;LES PORTES-EN-RE;17880.0;286
400;PUILBOREAU;17138.0;291
401;DOMPIERRE-SUR-MER;17139.0;142
402;MARANS;17230.0;218
403;ARS-EN-RE;17590.0;19
404;ANGOULINS;17690.0;10
405;ROCHEFORT;17300.0;299
406;TONNAY CHARENTE;17430.0;449
407;FOURAS;17450.0;168
408;SAINTES;17100.0;415
409;SAUJON;17600.0;421
410;SAINT-GEORGES-DE-DIDONNE;17110.0;333
411;MESCHERS-SUR-GIRONDE;17132.0;230
412;BARZAN;17120.0;34
413;ST JEAN D'ANGELY;17400.0;347
414;VIERZON;18100.0;279
415;BOURGES;18000.0;33
416;SAINT-FLORENT-SUR-CHER;18400.0;207
417;MEHUN-SUR-YEVRE;18500.0;141
418;MORTHOMIERS;18570.0;157
419;ALLOUIS;18500.0;5
420;SAINT-AMAND-MONTROND;18200.0;197
421;AUBIGNY-SUR-NERE;18700.0;15
422;TREIGNAC;19260.0;269
423;TULLE;19000.0;272
424;USSEL;19200.0;275
425;BRIVE LA GAILLARDE;19100.0;31
426;USSAC;19270.0;274
427;SAINT-SORNIN-LAVOLPS;19230.0;243
428;MALEMORT;19360.0;123
429;SAINTE FEREOLE;19270.0;202
430;DIJON;21000.0;231
431;SAINT-BRIEUC;22000.0;278
432;ERQUY;22430.0;54
433;LAMBALLE-ARMOR;22400.0;93
434;CHATELAUDREN-PLOUAGAT;22170.0;206
435;LANGUEUX;22360.0;106
436;PLOUFRAGAN;22440.0;215
437;PLOUHA;22580.0;222
438;PAIMPOL;22500.0;162
439;PLENEUF-VAL-ANDRE;22370.0;186
440;SAINT-QUAY-PORTRIEUX;22410.0;325
441;PLERIN;22190.0;187
442;BINIC-ETABLES-SUR-MER;22680.0;55
443;HILLION;22120.0;81
444;TREGUEUX;22950.0;360
445;NOYAL;22400.0;160
446;BEAUSSAIS-SUR-MER;22650.0;209
447;DINAN;22100.0;50
448;SAINT-CAST-LE-GUILDO;22380.0;282
449;FREHEL;22240.0;179
450;TADEN;22100.0;339
451;LANCIEUX;22770.0;94
452;PLANCOET;22130.0;172
453;CAULNES;22350.0;32
454;LANVALLAY;22100.0;118
455;MATIGNON;22550.0;143
456;BROONS;22250.0;20
457;GUINGAMP;22200.0;70
458;PLOUMAGOAR;22970.0;225
459;PERROS-GUIREC;22700.0;168
460;LANNION;22300.0;113
461;TREGUIER;22220.0;362
462;TREVOU-TREGUIGNEC;22660.0;379
463;TREBEURDEN;22560.0;343
464;PLESTIN-LES-GREVES;22310.0;194
465;LOUDEAC;22600.0;136
466;LA SOUTERRAINE;23300.0;176
467;GUERET;23000.0;96
468;PERIGUEUX;24000.0;322
469;TRELISSAC;24750.0;557
470;BOULAZAC ISLE MANOIRE;24750.0;53
471;COULOUNIEIX-CHAMIERS;24660.0;138
472;BERGERAC;24100.0;37
473;PORT-SAINTE-FOY-ET-PONCHAPT;33220.0;335
474;VAL DE LOUYRE ET CAUDEAU;24510.0;362
475;LAMOTHE-MONTRAVEL;24230.0;226
476;TERRASSON LAVILLEDIEU;24120.0;547
477;SARLAT-LA-CANEDA;24200.0;520
478;ROUFFIGNAC-ST-CERNIN-DE-REILHA;24580.0;356
479;CASTELNAUD-LA-CHAPELLE;24250.0;86
480;BESANCON;25000.0;56
481;GENEUILLE;25870.0;265
482;SAINT VIT;25410.0;527
483;BOUSSIERES;25320.0;84
484;MAMIROLLE;25620.0;364
485;ROCHE LEZ BEAUPRE;25220.0;495
486;MISEREY SALINES;25480.0;381
487;BONNAY;25870.0;73
488;DELUZ;25960.0;197
489;LES AUXONS;25870.0;35
490;BAUME LES DAMES;25110.0;47
491;PONTARLIER;25300.0;462
492;GRANGES NARBOZ;25300.0;293
493;JOUGNE;25370.0;318
494;VILLERS LE LAC;25130.0;321
495;MORTEAU;25500.0;411
496;LES HOPITAUX NEUFS;25370.0;307
497;ROCHEJEAN;25370.0;494
498;ORNANS;25290.0;434
499;DOUBS;25300.0;204
500;VALDAHON;25800.0;578
501;LA CLUSE ET MIJOUX;25300.0;157
502;METABIEF;25370.0;380
503;ETALANS;25580.0;222
504;MONTLEBON;25500.0;403
505;MOUTHE;25240.0;413
506;LES FOURGS;25300.0;254
507;CHARQUEMONT;25140.0;127
508;AUDINCOURT;25400.0;31
509;SELONCOURT;25230.0;539
510;HERIMONCOURT;25310.0;304
511;MONTBELIARD;25200.0;388
512;ROMANS-SUR-ISERE;26100.0;281
513;VALENCE;26000.0;362
514;MORAS-EN-VALLOIRE;26210.0;213
515;MONTELIMAR;26200.0;198
516;CREST;26400.0;108
517;BOURG-DE-PEAGE;26300.0;57
518;MONTBOUCHER-SUR-JABRON;26740.0;191
519;BOURG LES VALENCE;26500.0;58
520;CHABEUIL;26120.0;64
521;DONZERE;26290.0;116
522;SAINT-RAMBERT-D ALBON;26140.0;325
523;DIEULEFIT;26220.0;114
524;TULETTE;26790.0;357
525;BEAUVALLON;26800.0;42
526;MIRABEL-AUX-BARONNIES;26110.0;182
527;LORIOL SUR DROME;26270.0;166
528;PIERRELATTE;26700.0;235
529;SAINT-PAUL-TROIS-CHATEAUX;26130.0;324
530;MONTELIER;26120.0;197
531;LIVRON SUR DROME;26250.0;165
532;PORTES LES VALENCE;26800.0;252
533;NYONS;26110.0;220
534;SAUZET;26740.0;338
535;SAINT-DONAT-SUR-L HERBASSE;26260.0;301
536;ANCONE;26200.0;8
537;SAINT-PANTALEON-LES-VIGNES;26770.0;322
538;SAINT-AGNAN-EN-VERCORS;26420.0;290
539;LA ROCHE DE GLUN;26600.0;271
540;MOURS-SAINT-EUSEBE;26540.0;218
541;SAINT VALLIER;26240.0;333
542;PONT DE L ISERE;26600.0;250
543;MERCUROL-VEAUNES;26600.0;179
544;TAIN L HERMITAGE;26600.0;347
545;BEAUMONT LES VALENCE;26760.0;37
546;MONTSEGUR-SUR-LAUZON;26130.0;211
547;PONSAS;26240.0;247
548;GRAVIGNY;27930.0;299
549;RUGLES;27250.0;502
550;EZY SUR EURE;27530.0;230
551;EVREUX;27000.0;229
552;PACY-SUR-EURE;27120.0;448
553;BUEIL;27730.0;119
554;VERNON;27200.0;681
555;ST MARCEL;27950.0;562
556;CONCHES EN OUCHE;27190.0;165
557;VERNEUIL D'AVRE ET D'ITON;27130.0;679
558;GISORS;27140.0;284
559;LES ANDELYS;27700.0;16
560;LA TRINITE DE REVILLE;27270.0;660
561;BEAUMONT LE ROGER;27170.0;51
562;BERNAY;27300.0;56
563;GAILLON;27600.0;275
564;CHARTRES;28000.0;85
565;GALLARDON;28320.0;168
566;LE COUDRAY;28630.0;110
567;EPERNON;28230.0;140
568;MAINVILLIERS;28300.0;229
569;TOURY;28310.0;391
570;HANCHES;28130.0;191
571;LEVES;28300.0;209
572;GASVILLE OISEME;28300.0;173
573;MAINTENON;28130.0;227
574;LUCE;28110.0;218
575;CHARTAINVILLIERS;28130.0;84
576;ST PREST;28300.0;358
577;GAS;28320.0;172
578;AUNEAU-BLEURY-SAINT-SYMPHORIEN;28700.0;15
579;LUISANT;28600.0;220
580;JOUY;28300.0;201
581;COURVILLE SUR EURE;28190.0;116
582;CHATEAUDUN;28200.0;88
583;ST DENIS-LANNERAY;28200.0;334
584;DREUX;28100.0;134
585;VERNOUILLET;28500.0;404
586;LORMAYE;28210.0;213
587;NOGENT-LE-ROI;28210.0;279
588;ANET;28260.0;7
589;CHAUDON;28210.0;94
590;ST LUBIN DES JONCHERETS;28350.0;348
591;CHATEAUNEUF EN THYMERAIS;28170.0;89
592;ST REMY SUR AVRE;28380.0;359
593;COULOMBS;28210.0;113
594;NOGENT LE ROTROU;28400.0;280
595;QUIMPER;29000.0;232
596;DOUARNENEZ;29100.0;46
597;QUIMPERLE;29300.0;233
598;CONCARNEAU;29900.0;39
599;PONT-AVEN;29930.0;217
600;CLOHARS CARNOET;29360.0;31
601;BREST;29200.0;19
602;SAINT RENAN;29290.0;260
603;DIRINON;29460.0;45
604;LANDERNEAU;29800.0;103
605;PLOUGASTEL-DAOULAS;29470.0;189
606;CAMARET-SUR-MER;29570.0;22
607;CROZON;29160.0;42
608;SAINT-NIC;29550.0;256
609;MORLAIX;29600.0;151
610;LANDIVISIAU;29400.0;105
611;CARANTEC;29660.0;23
612;SAINT-MARTIN-DES-CHAMPS;29600.0;254
613;PLOUGASNOU;29630.0;188
614;ROSCOFF;29680.0;239
615;PORTO-VECCHIO;20137.0;247
616;AJACCIO;20000.0;4
617;PROPRIANO;20110.0;249
618;AJACCIO;20090.0;4
619;SARTENE;20100.0;272
620;ZONZA;20144.0;362
621;BONIFACIO;20169.0;41
622;GROSSETO-PRUGNA;20128.0;130
623;LECCI;20137.0;139
624;ARBELLARA;20110.0;18
625;PIETROSELLA;20166.0;228
626;GROSSETO-PRUGNA;20166.0;130
627;VICO;20160.0;348
628;CASAGLIONE;20111.0;70
629;SARROLA-CARCOPINO;20167.0;271
630;ARGIUSTA-MORICCIO;20140.0;21
631;ALBITRECCIA;20166.0;8
632;SERRA-DI-FERRO;20140.0;276
633;CAURO;20117.0;85
634;PALNECA;20134.0;200
635;APPIETTO;20167.0;17
636;CALCATOGGIO;20111.0;48
637;PIANOTTOLI-CALDARELLO;20131.0;215
638;OTA;20150.0;198
639;BELVEDERE-CAMPOMORO;20110.0;35
640;SOTTA;20146.0;288
641;SARI-SOLENZARA;20145.0;269
642;LECCI;20000.0;139
643;OLMETO;20113.0;189
644;COTI-CHIAVARI;20138.0;98
645;CASALABRIVA;20140.0;71
646;TAVERA;20163.0;324
647;VICO;20118.0;348
648;QUENZA;20122.0;254
649;BASTELICACCIA;20129.0;32
650;PIANA;20115.0;212
651;COGGIA;20118.0;90
652;FRASSETO;20157.0;119
653;CUTTOLI-CORTICCHIATO;20167.0;103
654;SANTA-MARIA-SICHE;20190.0;312
655;COGGIA;20160.0;90
656;ALBITRECCIA;20128.0;8
657;VIGGIANELLO;20110.0;349
658;AJACCIO;nan;4
659;AREGNO;20220.0;20
660;L'ILE ROUSSE;20220.0;134
661;CERVIONE;20221.0;87
662;OLETTA;20232.0;185
663;LE GRAU DU ROI;30240.0;133
664;AIGUES-MORTES;30220.0;3
665;NIMES;30900.0;189
666;NIMES;30000.0;189
667;CALVISSON;30420.0;62
668;DURFORT-ET-SAINT-MARTIN-DE-;30170.0;106
669;VAUVERT;30600.0;341
670;CAISSARGUES;30132.0;60
671;MILHAUD;30540.0;169
672;CLARENSAC;30870.0;82
673;BOUILLARGUES;30230.0;47
674;GARONS;30128.0;125
675;SOMMIERES;30250.0;321
676;SAINT ANDRE DE VALBORGNE;30940.0;231
677;GALLARGUES-LE-MONTUEUX;30660.0;123
678;BERNIS;30620.0;36
679;AIGUES-VIVES;30670.0;4
680;SAINT-DIONISY;30980.0;249
681;GARRIGUES SAINTE EULALIE;30190.0;126
682;SAUVE;30610.0;311
683;LA CALMETTE;30190.0;61
684;LASALLE;30460.0;140
685;SAINT-LAURENT-D AIGOUZE;30220.0;276
686;AUBORD;30620.0;20
687;AIMARGUES;30470.0;6
688;RODILHAN;30230.0;356
689;SARDAN;30260.0;309
690;CODOGNAN;30920.0;83
691;ARRIGAS;30770.0;17
692;QUISSAC;30260.0;210
693;SAINT-GENIES-DE-MALGOIRES;30190.0;255
694;CAVEIRAC;30820.0;75
695;LE VIGAN;30120.0;350
696;SUMENE;30440.0;325
697;ST HIPPOLYTE DU FORT;30170.0;263
698;UZES;30700.0;334
699;GENERAC;30510.0;128
700;LAUDUN-L ARDOISE;30290.0;141
701;BELLEGARDE;30127.0;34
702;BEAUCAIRE;30300.0;32
703;VILLENEUVE LES AVIGNON;30400.0;351
704;SAINT-NAZAIRE;30200.0;288
705;MARGUERITTES;30320.0;156
706;MEYNES;30840.0;166
707;ROCHEFORT-DU-GARD;30650.0;217
708;LES ANGLES;30133.0;11
709;REMOULINS;30210.0;212
710;POULX;30320.0;206
711;PONT ST ESPRIT;30130.0;202
712;ST GILLES;30800.0;258
713;CASTILLON-DU-GARD;30210.0;73
714;SAINT-HILAIRE-D OZILHAN;30210.0;260
715;SAINT-PAULET-DE-CAISSON;30130.0;290
716;SERNHAC;30210.0;317
717;BAGNOLS SUR CEZE;30200.0;28
718;SAZE;30650.0;315
719;MONTAREN-ET-SAINT-MEDIERS;30700.0;174
720;MONTFRIN;30490.0;179
721;ROQUEMAURE;30150.0;221
722;ALES;30100.0;7
723;PORTES;30530.0;203
724;MOLIERES-SUR-CEZE;30410.0;171
725;BESSEGES;30160.0;37
726;SAINT-FLORENT-SUR-AUZONNET;30960.0;253
727;LA GRAND COMBE;30110.0;132
728;ANDUZE;30140.0;10
729;TOULOUSE;31400.0;555
730;TOULOUSE;31200.0;555
731;TOULOUSE;31000.0;555
732;TOULOUSE;31500.0;555
733;CASTELGINEST;31780.0;116
734;FONBEAUZARD;31140.0;186
735;BALMA;31130.0;44
736;DREMIL LAFAGE;31280.0;163
737;L UNION;31240.0;561
738;AUCAMVILLE;31140.0;22
739;FENOUILLET;31150.0;182
740;ROUFFIAC TOLOSAN;31180.0;462
741;GAGNAC SUR GARONNE;31150.0;205
742;RAMONVILLE ST AGNE;31520.0;446
743;ST JEAN;31240.0;488
744;LAUNAGUET;31140.0;282
745;FLOURENS;31130.0;184
746;TOULOUSE;31300.0;555
747;TOURNEFEUILLE;31170.0;557
748;COLOMIERS;31770.0;149
749;TOULOUSE;31100.0;555
750;BLAGNAC;31700.0;69
751;VILLEMUR SUR TARN;31340.0;584
752;AUSSONNE;31840.0;32
753;CUGNAUX;31270.0;157
754;GRENADE SUR GARONNE;31330.0;232
755;LA SALVETAT ST GILLES;31880.0;526
756;MONDONVILLE;31700.0;351
757;FRONTON;31620.0;202
758;BEAUZELLE;31700.0;56
759;BESSIERES;31660.0;66
760;CASTANET TOLOSAN;31320.0;113
761;VILLEFRANCHE-DE-LAURAGAIS;31290.0;582
762;NAILLOUX;31560.0;396
763;LABEGE;31670.0;254
764;REVEL;31250.0;451
765;ST ORENS DE GAMEVILLE;31650.0;506
766;LANTA;31570.0;271
767;LACROIX FALGARDE;31120.0;259
768;AUZEVILLE-TOLOSANE;31320.0;35
769;ESCALQUENS;31750.0;169
770;MONTASTRUC LA CONSEILLERE;31380.0;358
771;POMPERTUZAT;31450.0;429
772;BAZIEGE;31450.0;48
773;FROUZINS;31270.0;203
774;AUCH;32000.0;13
775;CONDOM;32100.0;107
776;CAZAUBON;32150.0;96
777;GIMONT;32200.0;147
778;L ISLE JOURDAIN;32600.0;160
779;BORDEAUX;33200.0;63
780;SAINT AUBIN DE MEDOC;33160.0;376
781;PAREMPUYRE;33290.0;312
782;SAINT MEDARD EN JALLES;33160.0;449
783;BORDEAUX;33000.0;63
784;BORDEAUX;33300.0;63
785;BRUGES;33520.0;75
786;LACANAU;33680.0;214
787;LE BOUSCAT;33110.0;69
788;LE HAILLAN;33185.0;200
789;EYSINES;33320.0;162
790;LUDON MEDOC;33290.0;256
791;MOULIS-EN-MEDOC;33480.0;297
792;LE TAILLAN MEDOC;33320.0;519
793;CASTELNAU-DE-MEDOC;33480.0;104
794;BLANQUEFORT;33290.0;56
795;MARGAUX CANTENAC;33460.0;268
796;BORDEAUX;33800.0;63
797;BEGLES;33130.0;39
798;MERIGNAC;33700.0;281
799;GRADIGNAN;33170.0;192
800;TALENCE;33400.0;522
801;PESSAC;33600.0;318
802;VILLENAVE D ORNON;33140.0;550
803;SAINT JEAN D ILLAC;33127.0;422
804;MARTIGNAS SUR JALLE;33127.0;273
805;CANEJAN;33610.0;90
806;CESTAS;33610.0;122
807;CADILLAC;33410.0;81
808;BIGANOS;33380.0;51
809;ARCACHON;33120.0;9
810;CARBON BLANC;33560.0;96
811;CADAUJAC;33140.0;80
812;LA TESTE-DE-BUCH;33260.0;529
813;GUJAN MESTRAS;33470.0;199
814;CENON;33150.0;119
815;FLOIRAC;33270.0;167
816;TOULENNE;33210.0;533
817;ANDERNOS-LES-BAINS;33510.0;5
818;BORDEAUX;33100.0;63
819;LORMONT;33310.0;249
820;ARTIGUES-PRES-BORDEAUX;33370.0;13
821;PAILLET;33550.0;311
822;LEGE-CAP-FERRET;33970.0;236
823;LE TEICH;33470.0;527
824;ST SULPICE ET CAMEYRAC;33450.0;483
825;CREON;33670.0;140
826;SALLES;33770.0;498
827;TRESSES;33370.0;535
828;SAINT GERVAIS;33240.0;415
829;ARES;33740.0;11
830;FARGUES SAINT HILAIRE;33370.0;165
831;LANGON;33210.0;227
832;LEOGNAN;33850.0;238
833;LEGE-CAP-FERRET;33950.0;236
834;PREIGNAC;33210.0;337
835;ST LOUIS DE MONTFERRAND;33440.0;434
836;LATRESNE;33360.0;234
837;AUDENGE;33980.0;19
838;HAUX;33550.0;201
839;AMBARES-ET-LAGRAVE;33440.0;3
840;ST CAPRAIS DE BORDEAUX;33880.0;381
841;LANTON;33138.0;229
842;BARSAC;33720.0;30
843;LE BARP;33114.0;29
844;BASSENS;33530.0;32
845;LANGOIRAN;33550.0;226
846;YVRAC;33370.0;554
847;MONTUSSAN;33450.0;293
848;BAZAS;33430.0;36
849;SAINT-ANDRE-DE-CUBZAC;33240.0;366
850;CARIGNAN-DE-BORDEAUX;33360.0;99
851;MIOS;33380.0;284
852;LE TOURNE;33550.0;534
853;MARCHEPRIME;33380.0;555
854;LA TESTE-DE-BUCH;33115.0;529
855;CASTRES GIRONDE;33640.0;109
856;LESTIAC-SUR-GARONNE;33550.0;241
857;LA BREDE;33650.0;213
858;SAINT LOUBES;33450.0;433
859;SAINTE EULALIE;33560.0;397
860;GRIGNOLS;33690.0;195
861;GENISSAC;33420.0;185
862;LIBOURNE;33500.0;243
863;CASTILLON-LA-BATAILLE;33350.0;108
864;BLAYE;33390.0;58
865;PINEUILH;33220.0;324
866;SAINT-YZAN-DE-SOUDIAC;33920.0;492
867;SAINT-QUENTIN-DE-BARON;33750.0;466
868;SAINT-SAVIN;33920.0;473
869;COUTRAS;33230.0;138
870;ST-SEURIN-SUR-L ISLE;33660.0;478
871;SAINTE-FOY-LA-GRANDE;33220.0;402
872;SAINT-CIERS-SUR-GIRONDE;33820.0;389
873;VAYRES;33870.0;539
874;LA REOLE;33190.0;352
875;SAINT-MACAIRE;33490.0;435
876;SAUVETERRE-DE-GUYENNE;33540.0;506
877;CARCANS;33121.0;97
878;SOULAC-SUR-MER;33780.0;514
879;HOURTIN;33990.0;203
880;SAINT LAURENT MEDOC;33112.0;424
881;LE VERDON SUR MER;33123.0;544
882;LESPARRE-MEDOC;33340.0;240
883;VERTHEUIL;33180.0;545
884;SAINT-VIVIEN-DE-MEDOC;33590.0;490
885;MONTPELLIER;34080.0;172
886;MONTPELLIER;34000.0;172
887;MONTPELLIER;34070.0;172
888;MONTPELLIER;34090.0;172
889;PALAVAS-LES-FLOTS;34250.0;192
890;MAUGUIO;34130.0;154
891;JUVIGNAC;34990.0;123
892;PEROLS;34470.0;198
893;LE CRES;34920.0;90
894;LA GRANDE MOTTE;34280.0;344
895;CASTELNAU LE LEZ;34170.0;57
896;LATTES;34970.0;129
897;SAINT-AUNES;34130.0;240
898;SAINT-JEAN-DE-VEDAS;34430.0;270
899;GRABELS;34790.0;116
900;FRONTIGNAN;34110.0;108
901;SETE;34200.0;301
902;VIC-LA-GARDIOLE;34110.0;333
903;BOUZIGUES;34140.0;39
904;BALARUC LES BAINS;34540.0;23
905;VENDARGUES;34740.0;327
906;GANGES;34190.0;111
907;LUNEL;34400.0;145
908;CLERMONT L HERAULT;34800.0;79
909;SAINT-GELY-DU-FESC;34980.0;255
910;MEZE;34140.0;157
911;SUSSARGUES;34160.0;307
912;MARSILLARGUES;34590.0;151
913;GIGEAN;34770.0;113
914;JACOU;34830.0;120
915;MAS-DE-LONDRES;34380.0;152
916;SAINT CLEMENT DE RIVIERE;34980.0;247
917;CASTRIES;34160.0;58
918;BAILLARGUES;34670.0;22
919;POUSSAN;34560.0;213
920;LAROQUE;34190.0;128
921;MONTBAZIN;34560.0;165
922;PRADES-LE-LEZ;34730.0;217
923;BEAULIEU;34160.0;27
924;BALARUC LE VIEUX;34540.0;24
925;SAINT-SERIES;34400.0;288
926;VILLENEUVE-LES-MAGUELONE;34750.0;337
927;SAINT-BRES;34670.0;244
928;PLAISSAN;34230.0;204
929;LODEVE;34700.0;142
930;SAINT-FELIX-DE-LODEZ;34725.0;254
931;LOUPIAN;34140.0;143
932;CAZILHAC;34190.0;67
933;SAINT PAUL ET VALMALLE;34570.0;282
934;SAINT-ANDRE-DE-SANGONIS;34725.0;239
935;POUZOLS;34230.0;215
936;ASSAS;34820.0;14
937;ENTRE-VIGNES;34400.0;246
938;NEBIAN;34800.0;180
939;SAINT-DREZERY;34160.0;249
940;GIGNAC;34150.0;114
941;MONTPEYROUX;34150.0;173
942;MONTARNAUD;34570.0;163
943;VALRAS-PLAGE;34350.0;324
944;CESSERAS;34210.0;75
945;BEZIERS;34500.0;32
946;SERIGNAN;34410.0;299
947;AGDE;34300.0;3
948;PEZENAS;34120.0;199
949;MARSEILLAN;34340.0;150
950;BEDARIEUX;34600.0;28
951;VENDRES;34350.0;329
952;VIAS;34450.0;332
953;PUISSERGUIER;34620.0;225
954;CAUX;34720.0;63
955;MONTADY;34310.0;161
956;LAMALOU-LES-BAINS;34240.0;126
957;BOUJAN-SUR-LIBRON;34760.0;37
958;PORTIRAGNES;34420.0;209
959;POMEROLS;34810.0;207
960;PACE;35740.0;210
961;BOURGBARRE;35230.0;32
962;RENNES;35200.0;238
963;BETTON;35830.0;24
964;CESSON-SEVIGNE;35510.0;51
965;RENNES;35000.0;238
966;NOYAL-CHATILLON-SUR-SEICHE;35230.0;206
967;RENNES;35700.0;238
968;CHANTEPIE;35135.0;55
969;VEZIN-LE-COQUET;35132.0;353
970;BRUZ;35170.0;47
971;CHARTRES-DE-BRETAGNE;35131.0;66
972;ST JACQUES DE LA LANDE;35136.0;281
973;SAINT-GREGOIRE;35760.0;278
974;VERN-SUR-SEICHE;35770.0;352
975;LA CHAPELLE DES FOUGERETZ;35520.0;59
976;PONT-PEAN;35131.0;363
977;ACIGNE;35690.0;1
978;PARTHENAY-DE-BRETAGNE;35850.0;216
979;ORGERES;35230.0;208
980;MELESSE;35520.0;173
981;CHAVAGNE;35310.0;76
982;IRODOUER;35850.0;135
983;SAINT-AUBIN-D AUBIGNE;35250.0;251
984;BREAL-SOUS-MONTFORT;35310.0;37
985;MORDELLES;35310.0;196
986;MONTAUBAN-DE-BRETAGNE;35360.0;184
987;LIFFRE;35340.0;152
988;CHATEAUGIRON;35410.0;69
989;LE RHEU;35650.0;240
990;BRETEIL;35160.0;40
991;NOUVOITOU;35410.0;204
992;BEDEE;35137.0;23
993;JANZE;35150.0;136
994;THORIGNE-FOUILLARD;35235.0;334
995;SAINT-MEEN-LE-GRAND;35290.0;297
996;MONTFORT-SUR-MEU;35160.0;188
997;L'HERMITAGE;35590.0;131
998;HEDE-BAZOUGES;35630.0;130
999;LA MEZIERE;35520.0;177
1000;SAINT-ARMEL;35230.0;250
1001;SENS-DE-BRETAGNE;35490.0;326
1002;MONTREUIL-SUR-ILLE;35440.0;195
1003;GOVEN;35580.0;123
1004;REDON;35600.0;236
1005;BAIN-DE-BRETAGNE;35470.0;12
1006;LA CHAPELLE BOUEXIC;35330.0;57
1007;GUICHEN;35580.0;126
1008;POLIGNE;35320.0;231
1009;BOURG-DES-COMPTES;35890.0;33
1010;SAINT-MALO;35400.0;288
1011;DINARD;35800.0;93
1012;PLEUGUENEUC;35720.0;226
1013;SAINT-LUNAIRE;35800.0;287
1014;CANCALE;35260.0;49
1015;PLEURTUIT;35730.0;228
1016;DOL DE BRETAGNE;35120.0;95
1017;SAINT-BRIAC-SUR-MER;35800.0;256
1018;MINIAC-MORVAN;35540.0;179
1019;LA GOUESNIERE;35350.0;122
1020;LA RICHARDAIS;35780.0;241
1021;SAINT-DOMINEUC;35190.0;265
1022;LE TRONCHET;35540.0;362
1023;ROZ-SUR-COUESNON;35610.0;247
1024;SAINT-MELOIR-DES-ONDES;35350.0;299
1025;SAINT-JOUAN-DES-GUERETS;35430.0;284
1026;DOMAGNE;35113.0;96
1027;LA GUERCHE-DE-BRETAGNE;35130.0;125
1028;VITRE;35500.0;360
1029;CHATEAUBOURG;35220.0;68
1030;RETIERS;35240.0;239
1031;VAL-D'IZE;35450.0;347
1032;CHATEAUROUX;36000.0;44
1033;LA CHATRE;36400.0;46
1034;JOUE LES TOURS;37300.0;122
1035;TOURS;37000.0;261
1036;LA RICHE;37520.0;195
1037;TOURS;37100.0;261
1038;MONTLOUIS-SUR-LOIRE;37270.0;156
1039;SAINT-PIERRE-DES-CORPS;37700.0;233
1040;TOURS;37200.0;261
1041;SAINT AVERTIN;37550.0;208
1042;FONDETTES;37230.0;109
1043;SAINT CYR SUR LOIRE;37540.0;214
1044;NOTRE-DAME-D OE;37390.0;172
1045;ROCHECORBON;37210.0;203
1046;LA MEMBROLLE-SUR-CHOISILLE;37390.0;151
1047;BALLAN MIRE;37510.0;18
1048;CHAMBRAY LES TOURS;37170.0;50
1049;AMBOISE;37400.0;3
1050;RICHELIEU;37120.0;196
1051;BOURGUEIL;37140.0;31
1052;LOCHES;37600.0;132
1053;DESCARTES;37160.0;115
1054;GRENOBLE;38000.0;185
1055;GRENOBLE;38100.0;185
1056;SAINT-MARTIN-D'HERES;38400.0;421
1057;GIERES;38610.0;179
1058;LA TRONCHE;38700.0;516
1059;MEYLAN;38240.0;229
1060;MONTBONNOT-SAINT-MARTIN;38330.0;249
1061;ECHIROLLES;38130.0;151
1062;SAINT-NAZAIRE-LES-EYMES;38330.0;431
1063;BIVIERS;38330.0;45
1064;SAINT-ISMIER;38330.0;397
1065;EYBENS;38320.0;158
1066;POISAT;38320.0;309
1067;CORENC;38700.0;126
1068;LA TERRASSE;38660.0;503
1069;VOIRON;38500.0;563
1070;DOMENE;38420.0;150
1071;FROGES;38190.0;175
1072;PONTCHARRA;38530.0;314
1073;VIZILLE;38220.0;562
1074;SAINT-EGREVE;38120.0;382
1075;FONTANIL-CORNILLON;38120.0;170
1076;CRETS EN BELLEDONNE;38830.0;439
1077;SAINT-MARTIN-LE-VINOUX;38950.0;423
1078;TENCIN;38570.0;501
1079;ALLEVARD;38580.0;6
1080;VILLARD-BONNOT;38190.0;547
1081;LE HAUT-BREDA;38580.0;163
1082;SAINT-MARTIN-D'URIAGE;38410.0;422
1083;VOREPPE;38340.0;565
1084;CHAMROUSSE;38410.0;567
1085;LA BUISSE;38500.0;61
1086;NOTRE-DAME-DE-MESAGE;38220.0;279
1087;SAINT-PIERRE-DE-CHARTREUSE;38380.0;442
1088;BRIE-ET-ANGONNES;38320.0;59
1089;GONCELIN;38570.0;181
1090;VAULNAVEYS-LE-BAS;38410.0;528
1091;LES ADRETS;38190.0;2
1092;LE VERSOUD;38420.0;538
1093;LE CHEYLAS;38570.0;100
1094;SAINT-ETIENNE-DE-CROSSEY;38960.0;383
1095;CROLLES;38920.0;140
1096;GRESSE-EN-VERCORS;38650.0;186
1097;HUEZ;38750.0;191
1098;LES DEUX ALPES;38860.0;253
1099;SASSENAGE;38360.0;474
1100;AUTRANS-MEAUDRE EN VERCORS;38112.0;225
1101;SEYSSINET-PARISET;38170.0;485
1102;VILLARD-DE-LANS;38250.0;548
1103;FONTAINE;38600.0;169
1104;VAUJANY;38114.0;527
1105;CORRENCON-EN-VERCORS;38250.0;129
1106;AUTRANS-MEAUDRE EN VERCORS;38880.0;225
1107;LE PONT-DE-CLAIX;38800.0;317
1108;CLAIX;38640.0;111
1109;CORPS;38970.0;128
1110;LE BOURG-D'OISANS;38520.0;52
1111;BESSE;38142.0;40
1112;AURIS;38142.0;20
1113;LANS-EN-VERCORS;38250.0;205
1114;LE GUA;38450.0;187
1115;SAINT-CLAIR-DE-LA-TOUR;38110.0;377
1116;BOURGOIN-JALLIEU;38300.0;53
1117;VILLEFONTAINE;38090.0;553
1118;SAINT-JUST-CHALEYSSIN;38540.0;408
1119;L'ISLE-D'ABEAU;38080.0;193
1120;LA VERPILLIERE;38290.0;537
1121;ANTHON;38280.0;11
1122;PONT-DE-CHERUY;38230.0;316
1123;RIVES;38140.0;337
1124;SAINT-ETIENNE-DE-SAINT-GEOIRS;38590.0;384
1125;SAINT-MARCELLIN;38160.0;416
1126;SAINT-JEAN-DE-MOIRANS;38430.0;400
1127;TULLINS;38210.0;517
1128;VINAY;38470.0;559
1129;MOIRANS;38430.0;239
1130;BEAUCROISSANT;38140.0;30
1131;SAINT-GEOIRS;38590.0;387
1132;ROYBON;38940.0;347
1133;IZEAUX;38140.0;194
1134;LES ROUSSES;39220.0;470
1135;SAINT-CLAUDE;39200.0;478
1136;DOLE;39100.0;198
1137;CHAMPAGNOLE;39300.0;97
1138;ARBOIS;39600.0;13
1139;TAVAUX;39500.0;526
1140;HAUTS DE BIENNE;39400.0;368
1141;SAMPANS;39100.0;501
1142;LONS LE SAUNIER;39000.0;300
1143;SEPTMONCEL LES MOLUNES;39310.0;510
1144;BOIS-D AMONT;39220.0;59
1145;PREMANON;39220.0;441
1146;POLIGNY;39800.0;434
1147;PERRIGNY;39570.0;411
1148;MONTMOROT;39570.0;362
1149;OFFLANGES;39290.0;392
1150;LAVANS-LES-SAINT-CLAUDE;39170.0;286
1151;SALINS LES BAINS;39110.0;500
1152;MOIRANS-EN-MONTAGNE;39260.0;333
1153;CLAIRVAUX-LES-LACS;39130.0;154
1154;BELLEFONTAINE;39400.0;47
1155;RAVILLOLES;39170.0;453
1156;ST-JULIEN-EN-BORN;40170.0;266
1157;DAX;40100.0;88
1158;ST-VINCENT-DE-TYROSSE;40230.0;284
1159;TOSSE;40230.0;317
1160;SAINT-PIERRE-DU-MONT;40280.0;281
1161;MOLIETS-ET-MAA;40660.0;187
1162;PEYREHORADE;40300.0;224
1163;SEIGNOSSE;40510.0;296
1164;MONT-DE-MARSAN;40000.0;192
1165;TARNOS;40220.0;312
1166;SOORTS-HOSSEGOR;40150.0;304
1167;ST-GEOURS-MAREMNE;40230.0;261
1168;SANGUINET;40460.0;287
1169;VIELLE-ST-GIRONS;40560.0;326
1170;VIEUX BOUCAU-LES-BAINS;40480.0;328
1171;LIT ET MIXE;40170.0;157
1172;BISCARROSSE;40600.0;46
1173;ST-PAUL-LES-DAX;40990.0;279
1174;CAPBRETON;40130.0;65
1175;LABENNE;40530.0;133
1176;SOUSTONS;40140.0;310
1177;ONDRES;40440.0;209
1178;MONTGAILLARD;40500.0;195
1179;AIRE-SUR-L'ADOUR;40800.0;1
1180;ST-MARTIN-DE-SEIGNANX;40390.0;273
1181;ANGRESSE;40150.0;4
1182;MIMIZAN;40200.0;184
1183;HAGETMAU;40700.0;119
1184;ORIST;40300.0;211
1185;LEON;40550.0;150
1186;ST-MARTIN-DE-HINX;40390.0;272
1187;BIAS;40170.0;43
1188;POYANNE;40380.0;235
1189;ST-VINCENT-DE-PAUL;40990.0;283
1190;RION-DES-LANDES;40370.0;243
1191;TARTAS;40400.0;313
1192;AUREILHAN;40200.0;19
1193;SAINT-SEVER;40500.0;282
1194;PARENTIS EN BORN;40160.0;217
1195;BENESSE-MAREMNE;40230.0;36
1196;VENDOME;41100.0;269
1197;BLOIS;41000.0;18
1198;MONTRICHARD VAL DE CHER;41400.0;151
1199;MAROLLES;41330.0;128
1200;ROMORANTIN-LANTHENAY;41200.0;194
1201;VINEUIL;41350.0;295
1202;LA CHAUSSEE SAINT VICTOR;41260.0;47
1203;VILLEBAROU;41000.0;276
1204;SAINT-ETIENNE;42000.0;218
1205;SAINT-ETIENNE;42100.0;218
1206;SAINT-JEAN-BONNEFONDS;42650.0;237
1207;LA TALAUDIERE;42350.0;305
1208;SAINT GENEST LERPT;42530.0;223
1209;GENILAC;42800.0;225
1210;FIRMINY;42700.0;95
1211;SAINT-PAUL-EN-JAREZ;42740.0;271
1212;SAINT-CHAMOND;42400.0;207
1213;LA RICAMARIE;42150.0;183
1214;ROCHE-LA-MOLIERE;42230.0;189
1215;LA GRAND-CROIX;42320.0;103
1216;SAINT-JOSEPH;42800.0;242
1217;SAINT-PRIEST-EN-JAREZ;42270.0;275
1218;PELUSSIN;42410.0;168
1219;LA FOUILLOUSE;42480.0;97
1220;L ETRAT;42580.0;92
1221;VILLARS;42390.0;330
1222;LORETTE;42420.0;123
1223;LE CHAMBON-FEUGEROLLES;42500.0;44
1224;FRAISSES;42490.0;99
1225;SORBIERS;42290.0;302
1226;CHAVANAY;42410.0;56
1227;RIVE-DE-GIER;42800.0;186
1228;FARNAY;42320.0;93
1229;SAINT-PAUL-EN-CORNILLON;42240.0;270
1230;UNIEUX;42240.0;316
1231;L HORME;42152.0;110
1232;SAVIGNEUX;42600.0;299
1233;SAINT-MARCELLIN-EN-FOREZ;42680.0;256
1234;ANDREZIEUX-BOUTHEON;42160.0;5
1235;CHAZELLES SUR LYON;42140.0;59
1236;BOEN-SUR-LIGNON;42130.0;19
1237;MONTBRISON;42600.0;147
1238;VEAUCHE;42340.0;323
1239;MONTROND-LES-BAINS;42210.0;149
1240;SAINT-JUST-SAINT-RAMBERT;42170.0;279
1241;SAINT-GALMIER;42330.0;222
1242;FEURS;42110.0;94
1243;SAINT-ROMAIN-LE-PUY;42610.0;285
1244;SAINT-BONNET-LE-CHATEAU;42380.0;204
1245;SOLEYMIEUX;42560.0;301
1246;CHALMAZEL-JEANSAGNIERE;42920.0;39
1247;PRECIEUX;42600.0;180
1248;ROANNE;42300.0;187
1249;CHARLIEU;42190.0;52
1250;VILLEREST;42300.0;332
1251;SAINT-JUST-EN-CHEVALET;42430.0;248
1252;RIORGES;42153.0;184
1253;NEULISE;42590.0;156
1254;LE COTEAU;42120.0;71
1255;MABLY;42300.0;127
1256;BALBIGNY;42510.0;11
1257;PERREUX;42120.0;170
1258;BRIENNON;42720.0;26
1259;SAINT-HAON-LE-CHATEL;42370.0;232
1260;LE PUY EN VELAY;43000.0;157
1261;SAINTE-SIGOLENE;43600.0;224
1262;SEAUVE-SUR-SEMENE (LA);43140.0;236
1263;SAINT-PAL-DE-MONS;43620.0;213
1264;LE CHAMBON SUR LIGNON;43400.0;51
1265;LANGEAC;43300.0;112
1266;ESPALY-SAINT-MARCEL;43000.0;89
1267;SAINT-DIDIER-EN-VELAY;43140.0;177
1268;BRIVES-CHARENSAC;43700.0;41
1269;AUREC-SUR-LOIRE;43110.0;12
1270;ARAULES;43200.0;7
1271;VIEILLE-BRIOUDE;43100.0;262
1272;PONT-SALOMON;43330.0;153
1273;BRIOUDE;43100.0;40
1274;YSSINGEAUX;43200.0;268
1275;BEAUZAC;43590.0;25
1276;SAINT JUST MALMONT;43240.0;205
1277;NANTES;44000.0;109
1278;ST SEBASTIEN SUR LOIRE;44230.0;190
1279;NANTES;44300.0;109
1280;NANTES;44100.0;109
1281;NANTES;44200.0;109
1282;ST-HERBLAIN;44800.0;162
1283;INDRE;44610.0;74
1284;THOUARE-SUR-LOIRE;44470.0;204
1285;CHAPELLE-SUR-ERDRE (LA);44240.0;35
1286;REZE;44400.0;143
1287;BOUGUENAIS;44340.0;20
1288;SUCE-SUR-ERDRE;44240.0;201
1289;ST-PHILBERT-DE-GRAND-LIEU;44310.0;188
1290;BASSE-GOULAINE;44115.0;9
1291;TREILLIERES;44119.0;209
1292;LIGNE;44850.0;82
1293;SORINIERES (LES);44840.0;198
1294;AIGREFEUILLE SUR MAINE;44140.0;2
1295;CARQUEFOU;44470.0;26
1296;MACHECOUL-SAINT-MEME;44270.0;87
1297;SAINTE-LUCE-SUR-LOIRE;44980.0;172
1298;MOUZEIL;44850.0;107
1299;HAIE-FOUASSIERE (LA);44690.0;70
1300;ORVAULT;44700.0;114
1301;VERTOU;44120.0;215
1302;ANCENIS-SAINT-GEREON;44150.0;3
1303;MAISDON-SUR-SEVRE;44690.0;88
1304;CLISSON;44190.0;43
1305;SAINT-JULIEN-DE-CONCELLES;44450.0;169
1306;BOUAYE;44830.0;18
1307;PONT-SAINT-MARTIN;44860.0;130
1308;GRANDCHAMP-DES-FONTAINES;44119.0;66
1309;LOROUX-BOTTEREAU (LE);44430.0;84
1310;RIAILLE;44440.0;144
1311;LOIREAUXENCE;44370.0;213
1312;SAUTRON;44880.0;194
1313;CHAPELLE-HEULIN (LA);44330.0;32
1314;LA BERNERIE EN RETZ;44760.0;12
1315;SAINT BREVIN LES PINS;44250.0;154
1316;PORNIC;44210.0;131
1317;SAINT-MICHEL-CHEF-CHEF;44730.0;182
1318;LA PLAINE-SUR-MER;44770.0;126
1319;SAINTE PAZANNE;44680.0;186
1320;SAINT-PERE-EN-RETZ;44320.0;187
1321;LA MONTAGNE;44620.0;101
1322;PELLERIN (LE);44640.0;120
1323;PAIMBOEUF;44560.0;116
1324;PREFAILLES;44770.0;136
1325;PORNICHET;44380.0;132
1326;SAINT-NAZAIRE;44600.0;184
1327;COUERON;44220.0;47
1328;BESNE;44160.0;13
1329;BLAIN;44130.0;15
1330;TRIGNAC;44570.0;210
1331;MISSILLAC;44780.0;98
1332;MONTOIR-DE-BRETAGNE;44550.0;103
1333;SAINT-ETIENNE-DE-MONTLUC;44360.0;158
1334;SAVENAY;44260.0;195
1335;GUEMENE PENFAO;44290.0;67
1336;SAINT-MALO-DE-GUERSAC;44550.0;176
1337;SAINTE-REINE-DE-BRETAGNE;44160.0;189
1338;LE TEMPLE DE BRETAGNE;44360.0;203
1339;SAINT-NICOLAS-DE-REDON;44460.0;185
1340;DONGES;44480.0;52
1341;CAMPBON;44750.0;25
1342;VIGNEUX DE BRETAGNE;44360.0;217
1343;LE POULIGUEN;44510.0;135
1344;GUERANDE;44350.0;69
1345;LA TURBALLE;44420.0;211
1346;BATZ-SUR-MER;44740.0;10
1347;LA BAULE-ESCOUBLAC;44500.0;55
1348;MESQUER;44420.0;97
1349;LE CROISIC;44490.0;49
1350;SAINT-ANDRE-DES-EAUX;44117.0;151
1351;PIRIAC-SUR-MER;44420.0;125
1352;SAINT MOLF;44350.0;183
1353;NORT SUR ERDRE;44390.0;110
1354;CHATEAUBRIANT;44110.0;36
1355;ST JEAN DE BRAYE;45800.0;284
1356;ORLEANS;45000.0;234
1357;OLIVET;45160.0;232
1358;LA CHAPELLE ST MESMIN;45380.0;75
1359;ST JEAN DE LA RUELLE;45140.0;285
1360;SAINT-JEAN-LE-BLANC;45650.0;286
1361;ORLEANS;45100.0;234
1362;CHANTEAU;45400.0;72
1363;SAINT-HILAIRE-SAINT-MESMIN;45160.0;282
1364;FLEURY LES AUBRAIS;45400.0;147
1365;INGRE;45140.0;169
1366;SEMOY;45400.0;308
1367;SAINT-PRYVE-SAINT-MESMIN;45750.0;298
1368;SARAN;45770.0;302
1369;SAINT-DENIS-EN-VAL;45560.0;274
1370;CHECY;45430.0;89
1371;BOULAY-LES-BARRES;45140.0;46
1372;BEAUGENCY;45190.0;28
1373;ARDON;45160.0;6
1374;LA FERTE SAINT-AUBIN;45240.0;146
1375;NEUVILLE-AUX-BOIS;45170.0;224
1376;LAILLY EN VAL;45740.0;179
1377;CHATEAUNEUF S LOIRE;45110.0;82
1378;JARGEAU;45150.0;173
1379;SANDILLON;45640.0;300
1380;MEUNG-SUR-LOIRE;45130.0;203
1381;PATAY;45310.0;248
1382;MONTARGIS;45200.0;208
1383;CHALETTE-SUR-LOING;45120.0;68
1384;SAINT-HILAIRE-LES-ANDRESIS;45320.0;281
1385;AMILLY;45200.0;4
1386;CEPOY;45120.0;61
1387;PUISEAUX;45390.0;258
1388;LE MALESHERBOIS;45330.0;191
1389;PITHIVIERS;45300.0;252
1390;BEAUNE-LA-ROLANDE;45340.0;30
1391;GIEN;45500.0;155
1392;SULLY-SUR-LOIRE;45600.0;315
1393;BRIARE;45250.0;53
1394;CAHORS;46000.0;42
1395;LE PASSAGE;47520.0;201
1396;AGEN;47000.0;1
1397;LAYRAC;47390.0;145
1398;LAFOX;47240.0;128
1399;CASTELJALOUX;47700.0;52
1400;BOE;47550.0;31
1401;COLAYRAC ST CIRQ;47450.0;69
1402;NERAC;47600.0;195
1403;AIGUILLON;47190.0;4
1404;MARMANDE;47200.0;157
1405;TONNEINS;47400.0;310
1406;VILLENEUVE SUR LOT;47300.0;323
1407;VILLEREAL;47210.0;324
1408;FUMEL;47500.0;106
1409;MONFLANQUIN;47150.0;175
1410;CASTELNAUD DE GRATECAMBE;47290.0;55
1411;MENDE;48000.0;95
1412;LANGOGNE;48300.0;80
1413;MEYRUEIS;48150.0;96
1414;MARVEJOLS;48100.0;92
1415;MONT LOZERE ET GOULET;48190.0;27
1416;VILLEFORT;48800.0;198
1417;PEYRE EN AUBRAC;48130.0;9
1418;ANGERS;49000.0;7
1419;ANGERS;49100.0;7
1420;LES PONTS DE CE;49130.0;246
1421;TIERCE;49125.0;347
1422;SAINT-BARTHELEMY-D ANJOU;49124.0;267
1423;MURS-ERIGNE;49610.0;223
1424;TRELAZE;49800.0;353
1425;STE GEMMES SUR LOIRE;49130.0;278
1426;CHEFFES;49125.0;90
1427;VERRIERES-EN-ANJOU;49480.0;323
1428;VERRIERES-EN-ANJOU;49112.0;323
1429;RIVES-DU-LOIR-EN-ANJOU;49140.0;377
1430;BRISSAC LOIRE AUBANCE;49320.0;50
1431;AVRILLE;49240.0;15
1432;SAINT-GEORGES-SUR-LOIRE;49170.0;283
1433;BOUCHEMAINE;49080.0;35
1434;MONTREUIL-JUIGNE;49460.0;214
1435;CHOLET;49300.0;99
1436;CHEMILLE-EN-ANJOU;49120.0;92
1437;TREMENTINES;49340.0;355
1438;BEAUPREAU-EN-MAUGES;49450.0;23
1439;BEAUPREAU-EN-MAUGES;49600.0;23
1440;LA TESSOUALLE;49280.0;343
1441;SAUMUR;49400.0;328
1442;FONTEVRAUD L ABBAYE;49590.0;140
1443;MAZE-MILON;49630.0;194
1444;SEGRE-EN-ANJOU BLEU;49500.0;331
1445;AGNEAUX;50180.0;2
1446;SAINT-LO;50000.0;502
1447;MOON-SUR-ELLE;50680.0;356
1448;CARENTAN LES MARAIS;50500.0;99
1449;GRANVILLE;50400.0;218
1450;AVRANCHES;50300.0;25
1451;GRANDPARIGNY;50600.0;391
1452;DONVILLE-LES-BAINS;50350.0;165
1453;SAINT-HILAIRE-DU-HARCOUET;50600.0;484
1454;BRECEY;50370.0;74
1455;JULLOUVILLE;50610.0;66
1456;PONTORSON;50170.0;410
1457;CHERBOURG-EN-COTENTIN;50100.0;129
1458;CHERBOURG-EN-COTENTIN;50470.0;129
1459;CHERBOURG-EN-COTENTIN;50110.0;129
1460;CHERBOURG-EN-COTENTIN;50130.0;129
1461;CHERBOURG-EN-COTENTIN;50120.0;129
1462;COUTANCES;50200.0;147
1463;SAINT-GERMAIN-SUR-AY;50430.0;481
1464;GAVRAY-SUR-SIENNE;50450.0;197
1465;GOUVILLE-SUR-MER;50560.0;215
1466;AGON-COUTAINVILLE;50230.0;3
1467;PIROU;50770.0;403
1468;PERIERS;50190.0;394
1469;LESSAY;50430.0;267
1470;LA HAYE;50250.0;236
1471;BARNEVILLE-CARTERET;50270.0;31
1472;SAINT-VAAST-LA-HOUGUE;50550.0;562
1473;BAUBIGNY;50270.0;33
1474;VALOGNES;50700.0;615
1475;PORT-BAIL-SUR-MER;50580.0;412
1476;CHALONS EN CHAMPAGNE;51000.0;108
1477;SAINT-MEMMIE;51470.0;506
1478;SAINTE MENEHOULD;51800.0;507
1479;BLACY;51300.0;65
1480;VITRY LE FRANCOIS;51300.0;649
1481;FRIGNICOURT;51300.0;262
1482;EPERNAY;51200.0;230
1483;DORMANS;51700.0;217
1484;VINAY;51530.0;643
1485;CRAMANT;51530.0;196
1486;AVIZE;51190.0;29
1487;MAREUIL-LE-PORT;51700.0;346
1488;REIMS;51100.0;454
1489;TINQUEUX;51430.0;573
1490;DIZY;51530.0;210
1491;AY-CHAMPAGNE;51160.0;30
1492;CORMONTREUIL;51350.0;172
1493;SAINT BRICE COURCELLES;51370.0;474
1494;CHIGNY-LES-ROSES;51500.0;152
1495;SILLERY;51500.0;536
1496;BETHENY;51450.0;55
1497;BEZANNES;51430.0;58
1498;FISMES;51170.0;250
1499;WITRY-LES-REIMS;51420.0;662
1500;MAGENTA;51530.0;663
1501;AVENAY-VAL-D'OR;51160.0;28
1502;NOGENT;52800.0;353
1503;CHAUMONT;52000.0;121
1504;LANGRES;52200.0;269
1505;CHATEAU-GONTIER-SUR-MAYENNE;53200.0;62
1506;CONGRIER;53800.0;73
1507;LAVAL;53000.0;130
1508;CHANGE;53810.0;54
1509;ST FRAIMBAULT DE PRIERES;53300.0;216
1510;MAYENNE;53100.0;147
1511;ESSEY LES NANCY;54270.0;184
1512;NANCY;54000.0;395
1513;VANDOEUVRE LES NANCY;54500.0;547
1514;PONT A MOUSSON;54700.0;431
1515;SAINT MAX;54130.0;482
1516;JARVILLE LA MALGRANGE;54140.0;274
1517;MALZEVILLE;54220.0;339
1518;VILLERS LES NANCY;54600.0;578
1519;CHAMPIGNEULLES;54250.0;115
1520;MEREVILLE;54850.0;364
1521;PULNOY;54425.0;439
1522;MAXEVILLE;54320.0;357
1523;LAXOU;54520.0;304
1524;FROUARD;54390.0;215
1525;BOUXIERES-AUX-DAMES;54136.0;90
1526;LANEUVEVILLE-DEVANT-NANCY;54410.0;300
1527;CUSTINES;54670.0;150
1528;TOMBLAINE;54510.0;526
1529;RICHARDMENIL;54630.0;459
1530;HEILLECOURT;54180.0;257
1531;PONT-SAINT-VINCENT;54550.0;432
1532;HAROUE;54740.0;252
1533;VARANGEVILLE;54110.0;549
1534;SAINT-NICOLAS-DE-PORT;54210.0;483
1535;VAL DE BRIEY;54150.0;99
1536;LONGWY;54400.0;323
1537;TRIEUX;54750.0;533
1538;GORCY;54730.0;234
1539;HAUCOURT-MOULAINE;54860.0;254
1540;JOEUF;54240.0;280
1541;JARNY;54800.0;273
1542;SAULNES;54650.0;493
1543;HOMECOURT;54310.0;263
1544;TUCQUEGNIEUX;54640.0;536
1545;MONT SAINT MARTIN;54350.0;382
1546;REHON;54430.0;451
1547;AUBOUE;54580.0;28
1548;LONGLAVILLE;54810.0;321
1549;THIL;54880.0;521
1550;LONGUYON;54260.0;322
1551;HERSERANGE;54440.0;261
1552;HUSSIGNY GODBRANGE;54590.0;270
1553;VILLERUPT;54190.0;580
1554;COSNES-ET-ROMAIN;54400.0;138
1555;CONS-LA-GRANDVILLE;54870.0;137
1556;HATRIZE;54800.0;253
1557;VALLEROY;54910.0;542
1558;LUNEVILLE;54300.0;329
1559;VATHIMENIL;54122.0;550
1560;DAMELEVIERES;54360.0;152
1561;MONT-SUR-MEURTHE;54360.0;383
1562;BLAINVILLE-SUR-L EAU;54360.0;76
1563;FOUG;54570.0;205
1564;PIERRE-LA-TREICHE;54200.0;426
1565;ECROUVES;54200.0;174
1566;TOUL;54200.0;528
1567;DOMMARTIN-LES-TOUL;54200.0;167
1568;VILLEY-SAINT-ETIENNE;54200.0;584
1569;DOMGERMAIN;54119.0;162
1570;THIAUCOURT-REGNIEVILLE;54470.0;518
1571;BELLEVILLE SUR MEUSE;55430.0;43
1572;VERDUN;55100.0;545
1573;ARZON;56640.0;5
1574;SAINT-AVE;56890.0;206
1575;VANNES;56000.0;260
1576;ARRADON;56610.0;3
1577;PLOEREN;56880.0;164
1578;PLOUHINEC;56680.0;169
1579;GUIDEL;56520.0;78
1580;GAVRES;56680.0;62
1581;LARMOR-PLAGE;56260.0;107
1582;LORIENT;56100.0;121
1583;LOCMIQUELIC;56570.0;118
1584;INZINZAC-LOCHRIST;56650.0;90
1585;PORT-LOUIS;56290.0;181
1586;GESTEL;56530.0;63
1587;HENNEBONT;56700.0;83
1588;PLOEMEUR;56270.0;162
1589;LANESTER;56600.0;98
1590;RIANTEC;56670.0;193
1591;CLEGUER;56620.0;40
1592;KERVIGNAC;56700.0;94
1593;LANGUIDIC;56440.0;101
1594;BRECH;56400.0;23
1595;PLOEMEL;56400.0;161
1596;AURAY;56400.0;7
1597;CARNAC;56340.0;34
1598;LOCMARIA;56360.0;114
1599;LE PALAIS;56360.0;152
1600;SAINT-PIERRE-QUIBERON;56510.0;234
1601;QUIBERON;56170.0;186
1602;BELZ;56550.0;13
1603;LA TRINITE SUR MER;56470.0;258
1604;ERDEVEN;56410.0;54
1605;LE BONO;56400.0;262
1606;ETEL;56410.0;55
1607;SAUZON;56360.0;241
1608;SAINTE-ANNE-D'AURAY;56400.0;263
1609;SAINT-PHILIBERT;56470.0;233
1610;PLUVIGNER;56330.0;177
1611;PLUNERET;56400.0;176
1612;PLOUHARNEL;56340.0;168
1613;MALESTROIT;56140.0;124
1614;PLOERMEL;56800.0;165
1615;PONTIVY;56300.0;178
1616;LIGNOL;56160.0;110
1617;BAUD;56150.0;10
1618;NEVERS;58000.0;194
1619;FOURCHAMBAULT;58600.0;117
1620;VARENNES-VAUZELLES;58640.0;303
1621;IMPHY;58160.0;134
1622;COULANGES LES NEVERS;58660.0;88
1623;DECIZE;58300.0;95
1624;SAINT ELOI;58000.0;238
1625;LILLE;59800.0;350
1626;LA MADELEINE;59110.0;368
1627;LILLE;59000.0;350
1628;MONS EN BAROEUL;59370.0;410
1629;LAMBERSART;59130.0;328
1630;FACHES THUMESNIL;59155.0;220
1631;LILLE;59260.0;350
1632;LILLE;59777.0;350
1633;SAINT-ANDRE;59350.0;527
1634;WAMBRECHIES;59118.0;636
1635;RONCHIN;59790.0;507
1636;MARQUETTE-LEZ-LILLE;59520.0;386
1637;VILLENEUVE-D'ASCQ;59650.0;9
1638;FOURNES-EN-WEPPES;59134.0;250
1639;CROIX;59170.0;163
1640;LYS LEZ LANNOY;59390.0;367
1641;VILLENEUVE-D'ASCQ;59491.0;9
1642;ROUBAIX;59100.0;512
1643;WATTRELOS;59150.0;650
1644;LILLE;59160.0;350
1645;WAVRIN;59136.0;653
1646;PHALEMPIN;59133.0;462
1647;LESQUIN;59810.0;343
1648;LANNOY;59390.0;332
1649;ENNETIERES-EN-WEPPES;59320.0;196
1650;LOOS;59120.0;360
1651;SEQUEDIN;59320.0;566
1652;ALLENNES-LES-MARAIS;59251.0;5
1653;WATTIGNIES;59139.0;648
1654;WASQUEHAL;59290.0;646
1655;AVELIN;59710.0;34
1656;WILLEMS;59780.0;660
1657;HAUBOURDIN;59320.0;286
1658;VILLENEUVE-D'ASCQ;59493.0;9
1659;SECLIN;59113.0;560
1660;PONT-A-MARCQ;59710.0;466
1661;TEMPLEUVE EN PEVELE;59242.0;586
1662;CYSOING;59830.0;168
1663;HALLENNES-LEZ-HAUBOURDIN;59320.0;278
1664;HEM;59510.0;299
1665;BERSEE;59235.0;71
1666;MOUVAUX;59420.0;421
1667;MARCQ EN BAROEUL;59700.0;378
1668;RONCQ;59223.0;508
1669;TOURCOING;59200.0;599
1670;ARMENTIERES;59280.0;17
1671;PERENCHIES;59840.0;457
1672;HALLUIN;59250.0;279
1673;DEULEMONT;59890.0;173
1674;NEUVILLE EN FERRAIN;59960.0;426
1675;BONDUES;59910.0;90
1676;LINSELLES;59126.0;352
1677;QUESNOY SUR DEULE;59890.0;482
1678;GRANDE-SYNTHE;59760.0;271
1679;BAILLEUL;59270.0;43
1680;HAZEBROUCK;59190.0;295
1681;DOUAI;59500.0;178
1682;LAMBRES LEZ DOUAI;59552.0;329
1683;SIN LE NOBLE;59450.0;569
1684;SOMAIN;59490.0;574
1685;FAUMONT;59310.0;222
1686;PECQUENCOURT;59146.0;456
1687;MAUBEUGE;59600.0;392
1688;CAUDRY;59540.0;139
1689;CAMBRAI;59400.0;122
1690;RAISMES;59590.0;491
1691;VALENCIENNES;59300.0;606
1692;MARLY;59770.0;383
1693;SAINT-AMAND-LES-EAUX;59230.0;526
1694;ANZIN;59410.0;14
1695;HASNON;59178.0;284
1696;TRITH-ST-LEGER;59125.0;603
1697;DENAIN;59220.0;172
1698;BEAUVAIS;60000.0;57
1699;MERU;60110.0;395
1700;TRIE CHATEAU;60590.0;644
1701;BORNEL;60540.0;88
1702;NOAILLES;60430.0;462
1703;VALDAMPIERRE;60790.0;652
1704;CHAUMONT-EN-VEXIN;60240.0;143
1705;LABOISSIERE EN THELLE;60570.0;330
1706;ANDEVILLE;60570.0;12
1707;GOINCOURT;60000.0;277
1708;STE GENEVIEVE;60730.0;575
1709;LOCONVILLE;60240.0;367
1710;RANTIGNY;60290.0;524
1711;CLERMONT;60600.0;157
1712;LIANCOURT;60140.0;360
1713;FITZ JAMES;60600.0;234
1714;LAIGNEVILLE;60290.0;342
1715;MOUY;60250.0;439
1716;CREVECOEUR LE GRAND;60360.0;178
1717;LA RUE ST PIERRE;60510.0;559
1718;COMPIEGNE;60200.0;159
1719;MARGNY LES COMPIEGNE;60280.0;382
1720;CLAIROIX;60280.0;156
1721;NOYON;60400.0;471
1722;RIBECOURT DRESLINCOURT;60170.0;537
1723;LACROIX ST OUEN;60610.0;338
1724;VENETTE;60280.0;665
1725;LACHELLE;60190.0;337
1726;ATTICHY;60350.0;25
1727;JAUX;60880.0;325
1728;THOUROTTE;60150.0;636
1729;LE MEUX;60880.0;402
1730;CAMBRONNE LES RIBECOURT;60170.0;119
1731;ST VAAST LES MELLO;60660.0;601
1732;PONT STE MAXENCE;60700.0;509
1733;NOGENT SUR OISE;60180.0;463
1734;CIRES LES MELLO;60660.0;155
1735;SAINTINES;60410.0;578
1736;DIEUDONNE;60530.0;197
1737;PRECY SUR OISE;60460.0;513
1738;SENLIS;60300.0;612
1739;CHANTILLY;60500.0;141
1740;GOUVIEUX;60270.0;282
1741;CREIL;60100.0;175
1742;NANTEUIL LE HAUDOUIN;60440.0;446
1743;VILLERS ST PAUL;60870.0;684
1744;LA CHAPELLE EN SERVAL;60520.0;142
1745;FLEURINES;60700.0;238
1746;VERNEUIL EN HALATTE;60550.0;670
1747;MONTATAIRE;60160.0;414
1748;CREPY EN VALOIS;60800.0;176
1749;ORRY LA VILLE;60560.0;482
1750;ST MAXIMIN;60740.0;589
1751;AVILLY ST LEONARD;60300.0;33
1752;LAMORLAYE;60260.0;346
1753;ST LEU D ESSERENT;60340.0;584
1754;BETHISY ST MARTIN;60320.0;67
1755;VERBERIE;60410.0;667
1756;THIVERNY;60160.0;635
1757;CHAMBLY;60230.0;139
1758;LEVIGNEN;60800.0;358
1759;BORAN SUR OISE;60820.0;86
1760;BETHISY ST PIERRE;60320.0;68
1761;COYE LA FORET;60580.0;172
1762;VINEUIL ST FIRMIN;60500.0;695
1763;LE PLESSIS BELLEVILLE;60330.0;500
1764;MORTEFONTAINE;60128.0;432
1765;CRAMOISY;60660.0;173
1766;GOUVIEUX;60500.0;282
1767;PEROY LES GOMBRIES;60440.0;489
1768;NEUILLY EN THELLE;60530.0;450
1769;VER SUR LAUNETTE;60950.0;666
1770;GOUVIEUX;60260.0;282
1771;LE MESNIL EN THELLE;60530.0;398
1772;PLAILLY;60128.0;494
1773;ALENCON;61000.0;1
1774;FLERS;61100.0;169
1775;BAGNOLES DE L'ORNE NORMANDIE;61140.0;483
1776;ARRAS;62000.0;41
1777;ACHICOURT;62217.0;4
1778;SAINT-NICOLAS;62223.0;764
1779;ELEU-DIT-LEAUWETTE;62300.0;291
1780;ANZIN-SAINT-AUBIN;62223.0;37
1781;BEAURAINS;62217.0;99
1782;AVION;62210.0;65
1783;SAINTE-CATHERINE;62223.0;744
1784;NEUVILLE-ST-VAAST;62580.0;609
1785;SAVY-BERLETTE;62690.0;785
1786;BIACHE-SAINT-VAAST;62118.0;128
1787;BETHUNE;62400.0;119
1788;DIVION;62460.0;270
1789;HESDIGNEUL-LES-BETHUNE;62196.0;445
1790;BEUVRY;62660.0;126
1791;ISBERGUES;62330.0;473
1792;AIX NOULETTE;62160.0;19
1793;HARNES;62440.0;413
1794;CARVIN;62220.0;215
1795;MONTIGNY EN GOHELLE;62640.0;587
1796;WINGLES;62410.0;895
1797;LENS;62300.0;498
1798;LOOS EN GOHELLE;62750.0;528
1799;HENIN-BEAUMONT;62110.0;427
1800;WIMEREUX;62930.0;893
1801;NEUFCHATEL-HARDELOT;62152.0;604
1802;ST MARTIN BOULOGNE;62280.0;758
1803;CALAIS;62100.0;193
1804;WISSANT;62179.0;899
1805;BOULOGNE SUR MER;62200.0;160
1806;MARQUISE;62250.0;560
1807;BERCK;62600.0;108
1808;LE TOUQUET PARIS PLAGE;62520.0;826
1809;CUCQ;62780.0;261
1810;MERLIMONT;62155.0;571
1811;AIRE-SUR-LA-LYS;62120.0;14
1812;BLENDECQUES;62575.0;139
1813;SAINT OMER;62500.0;765
1814;LONGUENESSE;62219.0;525
1815;ARQUES;62510.0;40
1816;RIOM;63200.0;300
1817;CHATELGUYON;63140.0;103
1818;PONTGIBAUD;63230.0;285
1819;THIERS;63300.0;430
1820;ISSOIRE;63500.0;178
1821;SAINT-NECTAIRE;63710.0;380
1822;BESSE-ET-SAINT-ANASTAISE;63610.0;38
1823;MONTPEYROUX;63114.0;241
1824;CHASTREIX;63680.0;98
1825;PAU;64000.0;445
1826;BILLERE;64140.0;129
1827;LONS;64140.0;348
1828;BIZANOS;64320.0;132
1829;SERRES CASTET;64121.0;519
1830;MIOSSENS LANUSSE;64450.0;385
1831;JURANCON;64110.0;284
1832;IDRON;64320.0;269
1833;NAVARRENX;64190.0;416
1834;MOURENX;64150.0;410
1835;GELOS;64110.0;237
1836;SAUVAGNON;64230.0;511
1837;MAZEROLLES;64230.0;374
1838;ORTHEZ;64300.0;430
1839;LESCAR;64230.0;335
1840;RONTIGNON;64110.0;467
1841;MORLAAS;64160.0;405
1842;DENGUIN;64230.0;198
1843;LESTELLE BETHARRAM;64800.0;339
1844;OLORON SAINTE MARIE;64400.0;422
1845;REBENACQ;64260.0;463
1846;EAUX BONNES;64440.0;204
1847;MOUMOUR;64400.0;409
1848;LARUNS;64440.0;320
1849;NAY;64800.0;417
1850;SEVIGNACQ MEYRACQ;64260.0;522
1851;ARETTE;64570.0;40
1852;BAYONNE;64100.0;102
1853;BIARRITZ;64200.0;122
1854;ANGLET;64600.0;24
1855;USTARITZ;64480.0;547
1856;SAINT-JEAN-DE-LUZ;64500.0;483
1857;MAULEON LICHARRE;64130.0;371
1858;HENDAYE;64700.0;260
1859;LAHONCE;64990.0;304
1860;BASSUSSARRY;64200.0;100
1861;CIBOURE;64500.0;189
1862;HASPARREN;64240.0;256
1863;UHART-CIZE;64220.0;538
1864;SAINT-PALAIS;64120.0;493
1865;LOURDES;65100.0;286
1866;ARGELES-GAZOST;65400.0;25
1867;CAPVERN;65130.0;127
1868;TARBES;65000.0;440
1869;CAUTERETS;65110.0;138
1870;SAINT-LARY-SOULAN;65170.0;388
1871;ARREAU;65240.0;31
1872;SAILHAN;65170.0;384
1873;CAMPAN;65710.0;123
1874;BAGNERES-DE-BIGORRE;65200.0;59
1875;BAREGES;65120.0;481
1876;ESQUIEZE-SERE;65120.0;168
1877;SEMEAC;65600.0;417
1878;LUZ-SAINT-SAUVEUR;65120.0;295
1879;GERM;65240.0;199
1880;ARAGNOUET;65170.0;17
1881;ADE;65100.0;2
1882;VIELLE-AURE;65170.0;465
1883;ARGELES SUR MER;66700.0;8
1884;ELNE;66200.0;65
1885;CANET EN ROUSSILLON;66140.0;37
1886;SAINTE-MARIE-LA-MER;66470.0;182
1887;SAINT-CYPRIEN;66750.0;171
1888;PERPIGNAN;66100.0;136
1889;PERPIGNAN;66000.0;136
1890;TORREILLES;66440.0;212
1891;LE BARCARES;66420.0;17
1892;CORNEILLA DEL VERCOL;66200.0;59
1893;TOULOUGES;66350.0;213
1894;ALENYA;66200.0;2
1895;LES ANGLES;66210.0;4
1896;BOLQUERE;66210.0;20
1897;AMELIE LES BAINS;66110.0;3
1898;CERET;66400.0;49
1899;FONT-ROMEU ODEILLO-VIA;66120.0;124
1900;RIVESALTES;66600.0;164
1901;PUYVALADOR;66210.0;154
1902;SAINT-PAUL-DE-FENOUILLET;66220.0;187
1903;FORMIGUERES;66210.0;82
1904;LE BOULOU;66160.0;24
1905;ALBIGNY-SUR-SAONE;69250.0;3
1906;LYON 2EME;69002.0;382
1907;NEUVILLE SUR SAONE;69250.0;143
1908;LYON 4EME;69004.0;384
1909;LYON 5EME;69005.0;385
1910;LYON 9EME;69009.0;389
1911;QUINCIEUX;69650.0;163
1912;CALUIRE ET CUIRE;69300.0;34
1913;LYON 1ER;69001.0;381
1914;RILLIEUX-LA-PAPE;69140.0;286
1915;FONTAINES SUR SAONE;69270.0;88
1916;GENAY;69730.0;278
1917;FLEURIEU-SUR-SAONE;69250.0;85
1918;COUZON-AU-MONT-D OR;69270.0;68
1919;SATHONAY-CAMP;69580.0;292
1920;CURIS-AU-MONT-D'OR;69250.0;71
1921;CAILLOUX-SUR-FONTAINES;69270.0;33
1922;ROCHETAILLEE-SUR-SAONE;69270.0;168
1923;SAINT-ROMAIN-AU-MONT-D OR;69270.0;233
1924;MONTANAY;69250.0;284
1925;SATHONAY-VILLAGE;69580.0;293
1926;SAINT-GERMAIN-AU-MONT-D OR;69650.0;207
1927;LYON 3EME;69003.0;383
1928;LYON 7EME;69007.0;387
1929;LYON 6EME;69006.0;386
1930;LYON 8EME;69008.0;388
1931;MEYZIEU;69330.0;282
1932;SAINT-PIERRE-DE-CHANDIEU;69780.0;289
1933;VILLEURBANNE;69100.0;266
1934;VENISSIEUX;69200.0;259
1935;DECINES-CHARPIEU;69150.0;275
1936;TERNAY;69360.0;297
1937;VAULX EN VELIN;69120.0;256
1938;SAINT-PRIEST;69800.0;290
1939;MIONS;69780.0;283
1940;ST FONS;69190.0;199
1941;CHASSIEU;69680.0;271
1942;BRON;69500.0;29
1943;CORBAS;69960.0;273
1944;GENAS;69740.0;277
1945;SAINT-BONNET-DE-MURE;69720.0;287
1946;SEREZIN-DU-RHONE;69360.0;294
1947;FEYZIN;69320.0;276
1948;SAINT-LAURENT-DE-MURE;69720.0;288
1949;SOLAIZE;69360.0;296
1950;SAINT-SYMPHORIEN-D'OZON;69360.0;291
1951;TOUSSIEU;69780.0;298
1952;SAINT-GENIS-LAVAL;69230.0;204
1953;OULLINS;69600.0;149
1954;LA MULATIERE;69350.0;142
1955;SAINTE FOY LES LYON;69110.0;202
1956;SOUCIEU EN JARREST;69510.0;176
1957;BRIGNAIS;69530.0;27
1958;CONDRIEU;69420.0;64
1959;TALUYERS;69440.0;241
1960;GRIGNY;69520.0;96
1961;GIVORS;69700.0;91
1962;IRIGNY;69540.0;100
1963;AMPUIS;69420.0;7
1964;SAINT LAURENT D'AGNY;69440.0;219
1965;CHARLY;69390.0;46
1966;PIERRE BENITE;69310.0;152
1967;VERNAISON;69390.0;260
1968;SAINTE-COLOMBE;69560.0;189
1969;SAINT ROMAIN EN GAL;69560.0;235
1970;ECHALAS;69700.0;80
1971;MONTAGNY;69700.0;136
1972;MORNANT;69440.0;141
1973;CHAPONOST;69630.0;43
1974;VOURLES;69390.0;268
1975;FRANCHEVILLE;69340.0;89
1976;COLLONGES-AU-MONT- D OR;69660.0;63
1977;ECULLY;69130.0;81
1978;DARDILLY;69570.0;72
1979;CRAPONNE;69290.0;69
1980;TASSIN-LA-DEMI-LUNE;69160.0;244
1981;BRINDAS;69126.0;28
1982;DUERNE;69850.0;78
1983;MARCY-L ETOILE;69280.0;127
1984;MARCILLY-D AZERGUES;69380.0;125
1985;L ARBRESLE;69210.0;10
1986;CHAMPAGNE-AU-MONT-D OR;69410.0;40
1987;FLEURIEUX-SUR-L ARBRESLE;69210.0;86
1988;GREZIEU-LA-VARENNE;69290.0;94
1989;LIMONEST;69760.0;116
1990;CHARBONNIERES-LES-BAINS;69260.0;44
1991;SAIN-BEL;69210.0;171
1992;LENTILLY;69210.0;112
1993;CHASSELAY;69380.0;49
1994;BRUSSIEU;69690.0;31
1995;BULLY;69210.0;32
1996;SAINT CYR AU MONT D OR;69450.0;191
1997;SAINT GERMAIN NUELLES;69210.0;208
1998;COURZIEU;69690.0;67
1999;DOMMARTIN;69380.0;76
2000;POLLIONNAY;69290.0;154
2001;LA TOUR DE SALVAGNY;69890.0;250
2002;SAINTE-FOY-L ARGENTIERE;69610.0;201
2003;SAINT-DIDIER-AU-MONT-D OR;69370.0;194
2004;SAINT SYMPHORIEN SUR COISE;69590.0;238
2005;THURINS;69510.0;249
2006;SARCEY;69490.0;173
2007;VILLEFRANCHE;69400.0;264
2008;THIZY LES BOURGS;69240.0;248
2009;LOZANNE;69380.0;121
2010;LIMAS;69400.0;115
2011;ALIX;69380.0;4
2012;ARNAS;69400.0;13
2013;TARARE;69170.0;243
2014;GLEIZE;69400.0;92
2015;SAINT GEORGES DE RENEINS;69830.0;206
2016;CHARENTAY;69220.0;45
2017;ANSE;69480.0;9
2018;LAMURE SUR AZERGUES;69870.0;107
2019;SAINT-DIDIER-SUR-BEAUJEU;69430.0;196
2020;BELLEVILLE-EN-BEAUJOLAIS;69220.0;19
2021;SAINT-FORGEUX;69490.0;200
2022;AMPLEPUIS;69550.0;6
2023;VILLE SUR JARNIOUX;69640.0;265
2024;SAINT-JULIEN;69640.0;215
2025;LEGNY;69620.0;111
2026;VAL D'OINGT;69620.0;24
2027;CERCIE;69220.0;36
2028;LUCENAY;69480.0;122
2029;CHESSY;69380.0;56
2030;MARCY;69480.0;126
2031;LUXEUIL-LES-BAINS;70300.0;311
2032;HERICOURT;70400.0;285
2033;LURE;70200.0;310
2034;SAINT-SAUVEUR;70300.0;473
2035;CHALONVILLARS;70400.0;117
2036;VILLERSEXEL;70110.0;561
2037;CHAGEY;70400.0;116
2038;VESOUL;70000.0;550
2039;NOIDANS-LES-VESOUL;70000.0;388
2040;NAVENNE;70000.0;378
2041;RIOZ;70190.0;447
2042;PUSEY;70000.0;428
2043;ECHENOZ-LA-MELINE;70000.0;207
2044;ARC-LES-GRAY;70100.0;26
2045;MACON;71000.0;270
2046;TOURNUS;71700.0;543
2047;CLUNY;71250.0;137
2048;MONTCHANIN;71210.0;310
2049;SAINT-DESERT;71390.0;404
2050;CHALON-SUR-SAONE;71100.0;76
2051;GIVRY;71640.0;221
2052;SAINT-REMY;71100.0;475
2053;MONTCEAU LES MINES;71300.0;306
2054;SAINT VALLIER;71230.0;486
2055;CHAGNY;71150.0;73
2056;CHAROLLES;71120.0;106
2057;PARAY LE MONIAL;71600.0;342
2058;CHAUFFAILLES;71170.0;120
2059;DIGOIN;71160.0;176
2060;AUTUN;71400.0;14
2061;LE CREUSOT;71200.0;153
2062;BLANZY;71450.0;40
2063;SAINT SERNIN DU BOIS;71200.0;479
2064;LOUHANS;71500.0;263
2065;LE MANS;72000.0;181
2066;RUAUDIN;72230.0;260
2067;ALLONNES;72700.0;3
2068;LE MANS;72100.0;181
2069;PARIGNE L EVEQUE;72250.0;231
2070;MULSANNE;72230.0;213
2071;MONTVAL-SUR-LOIR;72500.0;71
2072;MONTFORT-LE-GESNOIS;72450.0;241
2073;SAINT CALAIS;72120.0;269
2074;SAINT MARS D OUTILLE;72220.0;299
2075;SABLE SUR SARTHE;72300.0;264
2076;NOYEN SUR SARTHE;72430.0;223
2077;LA FLECHE;72200.0;154
2078;AUBIGNE RACAN;72800.0;13
2079;CLERMONT CREANS;72200.0;84
2080;LA FERTE BERNARD;72400.0;132
2081;CHAMPFLEUR;72610.0;56
2082;MAMERS;72600.0;180
2083;BEAUMONT SUR SARTHE;72170.0;29
2084;AIX LES BAINS;73100.0;8
2085;LA PLAGNE TARENTAISE;73210.0;150
2086;SAINT-JEOIRE-PRIEURE;73190.0;249
2087;LES BELLEVILLE;73440.0;257
2088;VAL CENIS;73480.0;290
2089;EPIERRE;73220.0;109
2090;ALBERTVILLE;73200.0;11
2091;VALLOIRE;73450.0;306
2092;SAINT FRANCOIS LONGCHAMP;73130.0;235
2093;VALMEINIER;73450.0;307
2094;LA RAVOIRE;73490.0;213
2095;BARBY;73230.0;30
2096;VAL-D ISERE;73150.0;304
2097;LES ALLUES;73550.0;15
2098;CHAMBERY;73000.0;65
2099;MONTVALEZAN;73700.0;176
2100;TIGNES;73320.0;296
2101;MODANE;73500.0;157
2102;AUSSOIS;73500.0;23
2103;BOURG-SAINT-MAURICE;73700.0;54
2104;MOUXY;73100.0;182
2105;AIME LA PLAGNE;73210.0;6
2106;BASSENS;73000.0;31
2107;HAUTELUCE;73620.0;132
2108;COURCHEVEL;73120.0;227
2109;SAINT-JEAN-D ARVEY;73230.0;243
2110;VILLARD SUR DORON;73270.0;317
2111;ENTRELACS;73410.0;10
2112;VOGLANS;73420.0;329
2113;TRESSERVE;73100.0;300
2114;FLUMET;73590.0;114
2115;LA MOTTE SERVOLEX;73290.0;179
2116;PRALOGNAN-LA-VANOISE;73710.0;206
2117;LES AVANCHERS VALMOREL;73260.0;24
2118;BARBERAZ;73000.0;29
2119;ALBIEZ-MONTROND;73300.0;13
2120;GAILLARD;74240.0;133
2121;LA BALME DE SILLINGY;74330.0;26
2122;ANNECY;74600.0;10
2123;FAVERGES-SEYTHENEX;74210.0;123
2124;ANNECY;74000.0;10
2125;MANIGOD;74230.0;160
2126;ANNECY;74960.0;10
2127;LE GRAND BORNAND;74450.0;136
2128;VALLEIRY;74520.0;288
2129;VEYRIER-DU-LAC;74290.0;299
2130;DOUSSARD;74210.0;104
2131;ANNEMASSE;74100.0;12
2132;ANNECY;74940.0;10
2133;NEYDENS;74160.0;201
2134;ARGONAY;74370.0;19
2135;RUMILLY;74150.0;225
2136;VETRAZ-MONTHOUX;74100.0;298
2137;MONNETIER-MORNEX;74560.0;185
2138;COLLONGES-SOUS-SALEVE;74160.0;82
2139;VILLE-LA-GRAND;74100.0;305
2140;LUCINGES;74380.0;153
2141;BONNE;74380.0;40
2142;POISY;74330.0;213
2143;CHENEX;74520.0;69
2144;SAINT-JULIEN-EN-GENEVOIS;74160.0;243
2145;LA CLUSAZ;74220.0;80
2146;THONES;74230.0;280
2147;ANNECY;74370.0;10
2148;ALLONZIER-LA-CAILLE;74350.0;6
2149;EPAGNY METZ-TESSY;74330.0;112
2150;DUINGT;74410.0;108
2151;COPPONEX;74350.0;88
2152;ARCHAMPS;74160.0;16
2153;GROISY;74570.0;137
2154;VIRY;74580.0;309
2155;MENTHON-SAINT-BERNARD;74290.0;176
2156;CHAMONIX MONT BLANC;74400.0;56
2157;VIUZ-EN-SALLAZ;74250.0;311
2158;PRAZ SUR ARLY;74120.0;215
2159;LA ROCHE SUR FORON;74800.0;224
2160;SCIONZIER;74950.0;264
2161;COMBLOUX;74920.0;83
2162;THYEZ;74300.0;278
2163;LES CONTAMINES MONTJOIE;74170.0;85
2164;MONT-SAXONNEX;74130.0;189
2165;ONNION;74490.0;205
2166;SAINT GERVAIS LES BAINS;74170.0;236
2167;SALLANCHES;74700.0;256
2168;ARACHES LA FRASSE;74300.0;14
2169;SERVOZ;74310.0;266
2170;TANINGES;74440.0;276
2171;LES GETS;74260.0;134
2172;MEGEVE;74120.0;173
2173;BONNEVILLE;74130.0;42
2174;PASSY;74190.0;208
2175;CLUSES;74300.0;81
2176;MORILLON;74440.0;190
2177;MARIGNIER;74970.0;164
2178;SAMOENS;74340.0;258
2179;VALLORCINE;74660.0;290
2180;DEMI-QUARTIER;74120.0;99
2181;CORNIER;74800.0;90
2182;LES HOUCHES;74310.0;143
2183;PASSY;74480.0;208
2184;LA TOUR;74250.0;284
2185;MIEUSSY;74440.0;183
2186;AMANCY;74800.0;7
2187;VERCHAIX;74440.0;294
2188;SAINT-JEOIRE;74490.0;241
2189;CORDON;74700.0;89
2190;SAINT-PIERRE-EN-FAUCIGNY;74800.0;250
2191;CONTAMINE-SUR-ARVE;74130.0;87
2192;GLIERES-VAL-DE-BORNE;74130.0;212
2193;MARNAZ;74460.0;169
2194;EVIAN-LES-BAINS;74500.0;119
2195;SAINT-PAUL-EN-CHABLAIS;74500.0;249
2196;SAINT-JEAN-D'AULPS;74430.0;238
2197;SAINT-ETIENNE-DU-ROUVRAY;76800.0;575
2198;ROUEN;76100.0;540
2199;ROUEN;76000.0;540
2200;MESNIL-ESNARD (LE);76240.0;429
2201;GRAND QUEVILLY (LE);76120.0;322
2202;BONSECOURS;76240.0;103
2203;PETIT QUEVILLY (LE);76140.0;498
2204;PETIT-COURONNE (LE);76650.0;497
2205;SOTTEVILLE-LES-ROUEN;76300.0;681
2206;CAUDEBEC-LES-ELBEUF;76320.0;165
2207;ELBEUF;76500.0;231
2208;TOURVILLE-LA-RIVIERE;76410.0;705
2209;SAINT PIERRE LES ELBEUF;76320.0;640
2210;AMFREVILLE-LA-MIVOIE;76920.0;5
2211;MONT-SAINT-AIGNAN;76130.0;451
2212;MAROMME;76150.0;410
2213;DARNETAL;76160.0;212
2214;CANTELEU;76380.0;157
2215;BARENTIN;76360.0;57
2216;BOIS GUILLAUME;76230.0;108
2217;SAINT-LEGER-DU-BOURG-DENIS;76160.0;599
2218;DEVILLE-LES-ROUEN;76250.0;216
2219;BIHOREL;76420.0;95
2220;NOTRE-DAME-DE-BONDEVILLE;76960.0;474
2221;VILLERS ECALLES;76360.0;743
2222;DIEPPE;76200.0;217
2223;ARQUES-LA-BATAILLE;76880.0;26
2224;LE TREPORT;76470.0;711
2225;EU;76260.0;255
2226;DIEPPE;76370.0;217
2227;LE HAVRE;76610.0;351
2228;LE HAVRE;76620.0;351
2229;LE HAVRE;76600.0;351
2230;STE ADRESSE;76310.0;552
2231;HARFLEUR;76700.0;341
2232;MONTIVILLIERS;76290.0;447
2233;GRUCHET-LE-VALASSE;76210.0;329
2234;SAINT-ROMAIN-DE-COLBOSC;76430.0;647
2235;SAINT-LAURENT-DE-BREVEDENT;76700.0;596
2236;FECAMP;76400.0;259
2237;LANQUETOT;76210.0;382
2238;LILLEBONNE;76170.0;384
2239;ETRETAT;76790.0;254
2240;PORT-JEROME-SUR-SEINE;76330.0;476
2241;GONFREVILLE L ORCHER;76700.0;305
2242;MANIQUERVILLE;76400.0;406
2243;BOLBEC;76210.0;114
2244;BREAUTE;76110.0;141
2245;FORGES-LES-EAUX;76440.0;276
2246;GOURNAY-EN-BRAY;76220.0;312
2247;RIVES-EN-SEINE;76490.0;164
2248;SAINT-VALERY-EN-CAUX;76460.0;655
2249;YVETOT;76190.0;758
2250;SAINT-PIERRE-EN-PORT;76540.0;637
2251;SAINT MARTIN AUX BUNEAUX;76450.0;613
2252;YERVILLE;76760.0;752
2253;GREMONVILLE;76970.0;325
2254;SERVON;77170.0;450
2255;OZOIR LA FERRIERE;77330.0;350
2256;MELUN;77000.0;288
2257;TOURNAN-EN-BRIE;77220.0;470
2258;VAUX-LE-PENIL;77000.0;487
2259;LE MEE SUR SEINE;77350.0;285
2260;BRIE COMTE ROBERT;77170.0;53
2261;CHAMPEAUX;77720.0;82
2262;COMBS LA VILLE;77380.0;122
2263;LIEUSAINT;77127.0;251
2264;SAINT-FARGEAU-PONTHIERRY;77310.0;407
2265;LESIGNY;77150.0;249
2266;BARBIZON;77630.0;22
2267;GRETZ-ARMAINVILLIERS;77220.0;215
2268;REAU;77550.0;384
2269;SAVIGNY-LE-TEMPLE;77176.0;445
2270;NANDY;77176.0;326
2271;PRESLES-EN-BRIE;77220.0;377
2272;PONTAULT COMBAULT;77340.0;373
2273;GUIGNES;77390.0;222
2274;CHARTRETTES;77590.0;96
2275;DAMMARIE LES LYS;77190.0;152
2276;CESSON;77240.0;67
2277;GRISY-SUISNES;77166.0;217
2278;CHATELET-EN-BRIE (LE);77820.0;100
2279;ROCHETTE(LA);77000.0;389
2280;MACHAULT;77133.0;266
2281;ROISSY-EN-BRIE;77680.0;390
2282;PRINGY;77310.0;378
2283;SOLERS;77111.0;457
2284;MOISSY-CRAMAYEL;77550.0;296
2285;MONTEREAU FAULT YONNE;77130.0;305
2286;SAINT-PIERRE-LES-NEMOURS;77140.0;431
2287;MONTIGNY-SUR-LOING;77690.0;312
2288;FONTAINEBLEAU;77300.0;186
2289;ANDREZEL;77390.0;4
2290;AVON;77210.0;14
2291;BOMBON;77720.0;44
2292;NEMOURS;77140.0;333
2293;SOIGNOLLES-EN-BRIE;77111.0;455
2294;HERICY;77850.0;226
2295;COUBERT;77170.0;127
2296;MORET-LOING-ET-ORVANNE;77250.0;316
2297;SAMOIS SUR SEINE;77920.0;441
2298;NOISY-SUR-ECOLE;77123.0;339
2299;CHEVRY-COSSIGNY;77173.0;114
2300;EVRY-GREGY-SUR-YERRE;77166.0;175
2301;CHAUMES-EN-BRIE;77390.0;107
2302;CHAMPAGNE SUR SEINE;77430.0;79
2303;SEINE-PORT;77240.0;447
2304;FAVIERES;77220.0;177
2305;MORMANT;77720.0;317
2306;VOULX;77940.0;531
2307;ACHERES-LA-FORET;77760.0;1
2308;CHAMPDEUIL;77390.0;81
2309;SOUPPES-SUR-LOING;77460.0;458
2310;PONTCARRE;77135.0;374
2311;SAINT-MAMMES;77670.0;419
2312;SAINT-SAUVEUR-SUR-ECOLE;77930.0;435
2313;SIVRY-COURTRY;77115.0;453
2314;BOIS LE ROI;77590.0;37
2315;SAINT-MARTIN-EN-BIERE;77630.0;425
2316;REBAIS;77510.0;385
2317;FONTENAY-TRESIGNY;77610.0;192
2318;COULOMMIERS;77120.0;131
2319;QUINCY-VOISINS;77860.0;382
2320;JOUY-SUR-MORIN;77320.0;240
2321;LA FERTE SOUS JOUARRE;77260.0;183
2322;ESBLY;77450.0;171
2323;CITRY;77730.0;117
2324;CROUY-SUR-OURCQ;77840.0;148
2325;MORTCERF;77163.0;318
2326;ROZAY-EN-BRIE;77540.0;393
2327;MARY-SUR-MARNE;77440.0;280
2328;COUILLY-PONT-AUX-DAMES;77860.0;128
2329;CRECY LA CHAPELLE;77580.0;142
2330;BASSEVELLE;77750.0;24
2331;CONDE-SAINTE-LIBIAIRE;77450.0;125
2332;FERTE-GAUCHER (LA);77320.0;182
2333;VILLENEUVE-SAINT-DENIS;77174.0;510
2334;DOUY-LA-RAMEE;77139.0;163
2335;SAINT-SIMEON;77169.0;436
2336;BEAUTHEIL-SAINTS;77120.0;433
2337;VILLIERS-SUR-MORIN;77580.0;521
2338;JOUARRE;77640.0;238
2339;CANNES-ECLUSE;77130.0;61
2340;GENEVRAYE (LA);77690.0;202
2341;CLAYE-SOUILLY;77410.0;118
2342;MEAUX;77100.0;284
2343;SAINT THIBAULT DES VIGNES;77400.0;438
2344;TORCY;77200.0;468
2345;CHELLES;77500.0;108
2346;VILLEPARISIS;77270.0;514
2347;LONGPERRIER;77230.0;259
2348;BUSSY-SAINT-GEORGES;77600.0;58
2349;SERRIS;77700.0;449
2350;MONTEVRAIN;77144.0;307
2351;NOISIEL;77186.0;337
2352;ANNET-SUR-MARNE;77410.0;5
2353;POMPONNE;77400.0;372
2354;COLLEGIEN;77090.0;121
2355;VARREDDES;77910.0;483
2356;LAGNY-SUR-MARNE;77400.0;243
2357;CHAMPS-SUR-MARNE;77420.0;83
2358;EMERAINVILLE;77184.0;169
2359;BUSSY-SAINT-MARTIN;77600.0;59
2360;SAINT-PATHUS;77178.0;430
2361;DAMMARTIN-EN-GOELE;77230.0;153
2362;VAIRES SUR MARNE;77360.0;479
2363;LOGNES;77185.0;258
2364;CHANTELOUP EN BRIE;77600.0;85
2365;MAGNY-LE-HONGRE;77700.0;268
2366;COUPVRAY;77700.0;132
2367;VILLENOY;77124.0;513
2368;THORIGNY SUR MARNE;77400.0;464
2369;BAILLY-ROMAINVILLIERS;77700.0;18
2370;LE PIN;77181.0;363
2371;CREGY-LES-MEAUX;77124.0;143
2372;CHESSY;77700.0;111
2373;VILLENEUVE SOUS DAMMARTIN;77230.0;511
2374;BROU-SUR-CHANTEREINE;77177.0;55
2375;VILLEVAUDE;77410.0;517
2376;FERRIERES-EN-BRIE;77164.0;181
2377;MITRY MORY;77290.0;294
2378;NANTEUIL-LES-MEAUX;77100.0;330
2379;DAMPMART;77400.0;155
2380;NANTOUILLET;77230.0;332
2381;CHARMENTRAY;77410.0;94
2382;TRILPORT;77470.0;475
2383;SAINT-MARD;77230.0;420
2384;SAINT-SOUPPLETS;77165.0;437
2385;OISSERY;77178.0;344
2386;OTHIS;77280.0;349
2387;JOSSIGNY;77600.0;237
2388;COURTRY;77181.0;139
2389;CROISSY-BEAUBOURG;77183.0;146
2390;TRILBARDOU;77450.0;474
2391;GOUVERNES;77400.0;209
2392;POINCY;77470.0;369
2393;CARNETIN;77400.0;62
2394;CHAUCONIN-NEUFMONTIERS;77124.0;335
2395;GUERMANTES;77600.0;221
2396;CHAMBRY;77910.0;77
2397;MESSY;77410.0;292
2398;THIEUX;77230.0;462
2399;ISLES-LES-VILLENOY;77450.0;232
2400;PROVINS;77160.0;379
2401;GASTINS;77370.0;201
2402;NANGIS;77370.0;327
2403;MOUY-SUR-SEINE;77480.0;325
2404;ORMES-SUR-VOULZIE (LES);77134.0;347
2405;MOUSSEAUX-LES-BRAY;77480.0;321
2406;MAISON-ROUGE;77370.0;272
2407;VERSAILLES;78000.0;646
2408;SAINT-CYR-L ECOLE;78210.0;545
2409;BOIS D ARCY;78390.0;73
2410;VIROFLAY;78220.0;686
2411;MONTIGNY LE BRETONNEUX;78180.0;423
2412;VELIZY VILLACOUBLAY;78140.0;640
2413;TRAPPES;78190.0;621
2414;GUYANCOURT;78280.0;297
2415;FONTENAY LE FLEURY;78330.0;242
2416;LE CHESNAY-ROCQUENCOURT;78150.0;158
2417;JOUY EN JOSAS;78350.0;322
2418;BUC;78530.0;117
2419;CHATEAUFORT;78117.0;143
2420;MARLY-LE-ROI;78160.0;372
2421;VESINET (LE);78110.0;650
2422;PLAISIR;78370.0;490
2423;CLAYES-SOUS-BOIS (LES);78340.0;165
2424;MAISONS-LAFFITTE;78600.0;358
2425;SARTROUVILLE;78500.0;586
2426;LOUVECIENNES;78430.0;350
2427;CROISSY SUR SEINE;78290.0;190
2428;CARRIERES SUR SEINE;78420.0;124
2429;HOUILLES;78800.0;311
2430;ETANG-LA-VILLE (L );78620.0;224
2431;CHATOU;78400.0;146
2432;VILLEPREUX;78450.0;674
2433;PORT-MARLY (LE);78560.0;502
2434;MONTESSON;78360.0;418
2435;MESNIL-LE-ROI (LE);78600.0;396
2436;BOUGIVAL;78380.0;92
2437;CELLE-SAINT-CLOUD (LA);78170.0;126
2438;NOISY LE ROI;78590.0;455
2439;SAINT-NOM-LA-BRETECHE;78860.0;571
2440;CHAVENAY;78450.0;152
2441;BAILLY;78870.0;43
2442;FEUCHEROLLES;78810.0;233
2443;CONFLANS SAINTE HONORINE;78700.0;172
2444;MAURECOURT;78780.0;382
2445;PECQ (LE);78230.0;481
2446;ANDRESY;78570.0;15
2447;SAINT-GERMAIN-EN-LAYE;78100.0;551
2448;ORGEVAL;78630.0;466
2449;MAULE;78580.0;380
2450;POISSY;78300.0;498
2451;TRIEL SUR SEINE;78510.0;624
2452;MEULAN-EN-YVELINES;78250.0;401
2453;CARRIERES SOUS POISSY;78955.0;123
2454;VERNEUIL SUR SEINE;78480.0;642
2455;MUREAUX (LES);78130.0;440
2456;ACHERES;78260.0;5
2457;MAREIL-MARLY;78750.0;367
2458;VILLENNES-SUR-SEINE;78670.0;672
2459;VERNOUILLET;78540.0;643
2460;AUBERGENVILLE;78410.0;29
2461;BOUAFLE;78410.0;90
2462;CHANTELOUP-LES-VIGNES;78570.0;138
2463;MORAINVILLIERS;78630.0;431
2464;ECQUEVILLY;78920.0;206
2465;SAINT-GERMAIN-EN-LAYE;78112.0;551
2466;VAUX-SUR-SEINE;78740.0;638
2467;MEZY-SUR-SEINE;78250.0;403
2468;CHAMBOURCY;78240.0;133
2469;CRESPIERES;78121.0;189
2470;NEZEL;78410.0;451
2471;FLINS-SUR-SEINE;78410.0;238
2472;EPONE;78680.0;217
2473;MANTES-LA-JOLIE;78200.0;361
2474;BUCHELAY;78200.0;118
2475;MEZIERES-SUR-SEINE;78970.0;402
2476;MANTES-LA-VILLE;78711.0;362
2477;HOUDAN;78550.0;310
2478;FONTENAY-SAINT-PERE;78440.0;246
2479;LIMAY;78520.0;335
2480;ISSOU;78440.0;314
2481;FRENEUSE;78840.0;255
2482;MAULETTE;78550.0;381
2483;PERDREAUVILLE;78200.0;484
2484;BENNECOURT;78270.0;57
2485;GARGENVILLE;78440.0;267
2486;SEPTEUIL;78790.0;591
2487;RICHEBOURG;78550.0;520
2488;BONNIERES-SUR-SEINE;78270.0;89
2489;LIMETZ-VILLEZ;78270.0;337
2490;GUERVILLE;78930.0;291
2491;JUZIERS;78820.0;327
2492;SAINT-MARTIN-DES-CHAMPS;78790.0;565
2493;MAGNANVILLE;78200.0;354
2494;ORVILLIERS;78910.0;474
2495;MAUREPAS;78310.0;383
2496;ELANCOURT;78990.0;208
2497;CERNAY-LA-VILLE;78720.0;128
2498;MESNIL-SAINT-DENIS (LE);78320.0;397
2499;MAGNY-LES-HAMEAUX;78114.0;356
2500;RAMBOUILLET;78120.0;517
2501;SAINT-LEGER-EN-YVELINES;78610.0;562
2502;ESSARTS-LE-ROI (LES);78690.0;220
2503;BEYNES;78650.0;62
2504;THOIRY;78770.0;616
2505;JOUARS-PONTCHARTRAIN;78760.0;321
2506;GALLUIS;78490.0;262
2507;SAINT-GERMAIN-DE-LA-GRANGE;78640.0;550
2508;NEAUPHLE-LE-CHATEAU;78640.0;442
2509;CHEVREUSE;78460.0;160
2510;SAINT-ARNOULT-EN-YVELINES;78730.0;537
2511;MAREIL-LE-GUYON;78490.0;366
2512;MESNULS (LES);78490.0;398
2513;SAINT-REMY-LES-CHEVREUSE;78470.0;575
2514;VOISINS-LE-BRETONNEUX;78960.0;688
2515;QUEUE-LES-YVELINES (LA);78940.0;513
2516;GAZERAN;78125.0;269
2517;COIGNIERES;78310.0;168
2518;MONTFORT-L AMAURY;78490.0;420
2519;BULLION;78830.0;120
2520;VILLIERS-SAINT-FREDERIC;78640.0;683
2521;PERRAY-EN-YVELINES (LE);78610.0;486
2522;TREMBLAY-SUR-MAULDRE (LE);78490.0;623
2523;BONNELLES;78830.0;87
2524;VERRIERE (LA);78320.0;644
2525;ROCHEFORT-EN-YVELINES;78730.0;522
2526;DAMPIERRE-EN-YVELINES;78720.0;193
2527;PARTHENAY;79200.0;202
2528;NIORT;79000.0;191
2529;EXIREUIL;79400.0;114
2530;CHAURAY;79180.0;81
2531;ST MAIXENT L ECOLE;79400.0;270
2532;LES FORGES;79340.0;124
2533;BRESSUIRE;79300.0;49
2534;FRONTENAY-ROHAN-ROHAN;79270.0;130
2535;AMIENS;80000.0;21
2536;AMIENS;80090.0;21
2537;LONGUEAU;80330.0;489
2538;SAINT-FUSCIEN;80680.0;702
2539;AMIENS;80080.0;21
2540;CORBIE;80800.0;212
2541;CAMON;80450.0;164
2542;PLACHY-BUYON;80160.0;627
2543;FORT-MAHON-PLAGE;80120.0;333
2544;LE CROTOY;80550.0;228
2545;CAYEUX-SUR-MER;80410.0;182
2546;DOULLENS;80600.0;253
2547;QUEND;80120.0;649
2548;FRIVILLE-ESCARBOTIN;80130.0;368
2549;MERS-LES-BAINS;80350.0;533
2550;AULT;80460.0;39
2551;ABBEVILLE;80100.0;1
2552;WOIGNARUE;80460.0;826
2553;SAINT-VALERY-SUR-SOMME;80230.0;721
2554;ROYE;80700.0;685
2555;MEHARICOURT;80170.0;524
2556;AILLY-SUR-NOYE;80250.0;10
2557;ALBERT;80300.0;16
2558;PERONNE;80200.0;620
2559;ALBI;81000.0;4
2560;LISLE-SUR-TARN;81310.0;145
2561;SAINT JUERY;81160.0;257
2562;CASTRES;81100.0;65
2563;MAZAMET;81200.0;163
2564;SAINT-SULPICE-LA-POINTE;81370.0;271
2565;MOISSAC;82200.0;112
2566;MONTAUBAN;82000.0;121
2567;LA VILLE DIEU DU TEMPLE;82290.0;96
2568;CASTELSARRASIN;82100.0;33
2569;BEAUMONT DE LOMAGNE;82500.0;13
2570;ST-ETIENNE-DE-TULMONT;82410.0;161
2571;MONTECH;82700.0;125
2572;MONTBETON;82290.0;124
2573;VERDUN-SUR-GARONNE;82600.0;190
2574;CAUSSADE;82300.0;37
2575;SAINT ANTONIN NOBLE VAL;82140.0;155
2576;GRISOLLES;82170.0;75
2577;FREJUS;83600.0;61
2578;DRAGUIGNAN;83300.0;50
2579;GRIMAUD;83310.0;68
2580;SAINT RAPHAEL;83700.0;118
2581;COGOLIN;83310.0;42
2582;SAINT TROPEZ;83990.0;119
2583;ROQUEBRUNE-SUR-ARGENS;83380.0;107
2584;LA CROIX VALMER;83420.0;48
2585;SAINTE MAXIME;83120.0;115
2586;ROQUEBRUNE-SUR-ARGENS;83520.0;107
2587;LE MUY;83490.0;86
2588;PUGET-SUR-ARGENS;83480.0;99
2589;RAMATUELLE;83350.0;101
2590;SAINT RAPHAEL;83530.0;118
2591;CAVALAIRE-SUR-MER;83240.0;36
2592;FREJUS;83370.0;61
2593;LES ADRETS DE L ESTEREL;83600.0;1
2594;BAGNOLS-EN-FORET;83600.0;8
2595;ENTRECASTEAUX;83570.0;51
2596;CALLIAN;83440.0;29
2597;BRIGNOLES;83170.0;23
2598;FAYENCE;83440.0;55
2599;SEILLANS;83440.0;124
2600;LORGUES;83510.0;72
2601;BARJOLS;83670.0;12
2602;MONTAUROUX;83440.0;81
2603;TOURVES;83170.0;140
2604;GAREOULT;83136.0;64
2605;BARGEMON;83830.0;11
2606;CLAVIERS;83830.0;41
2607;LE CANNET DES MAURES;83340.0;31
2608;TOURRETTES;83440.0;138
2609;GONFARON;83590.0;67
2610;LES ARCS;83460.0;4
2611;RIANS;83560.0;104
2612;ROCBARON;83136.0;106
2613;LE LUC;83340.0;73
2614;MONTFORT SUR ARGENS;83570.0;83
2615;SALERNES;83690.0;121
2616;VIDAUBAN;83550.0;148
2617;CABASSE;83340.0;26
2618;ROUGIERS;83170.0;110
2619;MONTFERRAT;83131.0;82
2620;TOURTOUR;83690.0;139
2621;ST MAXIMIN LA STE BAUME;83470.0;116
2622;LA GARDE;83130.0;62
2623;LA SEYNE SUR MER;83500.0;126
2624;TOULON;83200.0;137
2625;TOULON;83000.0;137
2626;SIX-FOURS-LES-PLAGES;83140.0;129
2627;LA VALETTE DU VAR;83160.0;144
2628;LE PRADET;83220.0;98
2629;TOULON;83100.0;137
2630;SAINT-MANDRIER-SUR-MER;83430.0;153
2631;LE REVEST LES EAUX;83200.0;103
2632;LE LAVANDOU;83980.0;70
2633;CARQUEIRANNE;83320.0;34
2634;BANDOL;83150.0;9
2635;SANARY SUR MER;83110.0;123
2636;SOLLIES-PONT;83210.0;130
2637;HYERES;83400.0;69
2638;LE BEAUSSET;83330.0;16
2639;SAINT-CYR-SUR-MER;83270.0;112
2640;LA LONDE LES MAURES;83250.0;71
2641;LA CADIERE D AZUR;83740.0;27
2642;OLLIOULES;83190.0;90
2643;BORMES-LES-MIMOSAS;83230.0;19
2644;LA FARLEDE;83210.0;54
2645;LA CRAU;83260.0;47
2646;PUGET-VILLE;83390.0;100
2647;CUERS;83390.0;49
2648;EVENOS;83330.0;53
2649;PIERREFEU-DU-VAR;83390.0;91
2650;BELGENTIER;83210.0;17
2651;SOLLIES-VILLE;83210.0;132
2652;SOLLIES-TOUCAS;83210.0;131
2653;CARNOULES;83660.0;33
2654;SIGNES;83870.0;127
2655;LE CASTELLET;83330.0;35
2656;COLLOBRIERES;83610.0;43
2657;CARPENTRAS;84200.0;31
2658;AVIGNON;84000.0;7
2659;MONTEUX;84170.0;80
2660;AVIGNON;84140.0;7
2661;BEDOIN;84410.0;17
2662;SORGUES;84700.0;129
2663;LE PONTET;84130.0;92
2664;MORIERES LES AVIGNON;84310.0;81
2665;PERNES LES FONTAINES;84210.0;88
2666;BEDARRIDES;84370.0;16
2667;SARRIANS;84260.0;122
2668;VEDENE;84270.0;141
2669;COURTHEZON;84350.0;39
2670;AUBIGNAN;84810.0;4
2671;ENTRAIGUES-SUR-LA-SORGUE;84320.0;43
2672;CAROMB;84330.0;30
2673;MALEMORT-DU-COMTAT;84570.0;70
2674;VILLELAURE;84530.0;147
2675;APT;84400.0;3
2676;L ISLE SUR LA SORGUE;84800.0;54
2677;PERTUIS;84120.0;89
2678;LAURIS;84360.0;65
2679;CAVAILLON;84300.0;35
2680;LE THOR;84250.0;132
2681;LA TOUR D AIGUES;84240.0;133
2682;SAUMANE-DE-VAUCLUSE;84800.0;124
2683;VIENS;84750.0;144
2684;SAINT-SATURNIN LES APT;84490.0;118
2685;CHATEAUNEUF-DE-GADAGNE;84470.0;36
2686;LA BASTIDE DES JOURDANS;84240.0;9
2687;MERINDOL;84360.0;74
2688;ORANGE;84100.0;87
2689;SAINTE-CECILE-LES-VIGNES;84290.0;106
2690;BOLLENE;84500.0;19
2691;JONQUIERES;84150.0;56
2692;VACQUEYRAS;84190.0;136
2693;VAISON-LA-ROMAINE;84110.0;137
2694;VISAN;84820.0;150
2695;BARROUX (LE);84330.0;8
2696;MORNAS;84550.0;83
2697;MALAUCENE;84340.0;69
2698;BEAUMES-DE-VENISE;84190.0;12
2699;CHATEAUNEUF-DU-PAPE;84230.0;37
2700;SERIGNAN-DU-COMTAT;84830.0;127
2701;ROCHE SUR YON (LA);85000.0;191
2702;SAINT-PHILBERT-DE-BOUAINE;85660.0;262
2703;ESSARTS EN BOCAGE;85140.0;84
2704;MONTAIGU-VENDEE;85600.0;146
2705;CHANTONNAY;85110.0;51
2706;BROUZILS (LES);85260.0;38
2707;ROCHESERVIERE;85620.0;190
2708;SAINT-FULGENT;85250.0;215
2709;HERBIERS (LES);85500.0;109
2710;MORTAGNE-SUR-SEVRE;85290.0;151
2711;FONTENAY-LE-COMTE;85200.0;92
2712;LUCON;85400.0;128
2713;AIGUILLON-SUR-MER (L );85460.0;1
2714;LONGEVILLE-SUR-MER;85560.0;127
2715;TALMONT-SAINT-HILAIRE;85440.0;288
2716;BRETIGNOLLES-SUR-MER;85470.0;35
2717;SAINT-HILAIRE-DE-RIEZ;85270.0;226
2718;SABLES-D'OLONNE (LES);85100.0;194
2719;SABLES-D'OLONNE (LES);85180.0;194
2720;SAINT-GILLES-CROIX-DE-VIE;85800.0;222
2721;FAUTE-SUR-MER (LA);85460.0;307
2722;TRANCHE-SUR-MER (LA);85360.0;294
2723;JARD-SUR-MER;85520.0;114
2724;SABLES-D'OLONNE (LES);85340.0;194
2725;SAINT-VINCENT-SUR-JARD;85520.0;278
2726;VAIRE;85150.0;298
2727;LES ACHARDS;85150.0;152
2728;CHALLANS;85300.0;47
2729;BEAUVOIR-SUR-MER;85230.0;18
2730;NOIRMOUTIER-EN-L'ILE;85330.0;163
2731;SAINT-JEAN-DE-MONTS;85160.0;234
2732;NOTRE-DAME-DE-MONTS;85690.0;164
2733;BARBATRE;85630.0;11
2734;BARRE-DE-MONTS (LA);85550.0;12
2735;POITIERS;86000.0;194
2736;CHASSENEUIL-DU-POITOU;86360.0;62
2737;MIGNALOUX-BEAUVOIR;86550.0;157
2738;FONTAINE-LE-COMTE;86240.0;100
2739;BUXEROLLES;86180.0;41
2740;CHATELLERAULT;86100.0;66
2741;LA ROCHE POSAY;86270.0;207
2742;BOURESSE;86410.0;34
2743;CHAUVIGNY;86300.0;70
2744;ISLE;87170.0;75
2745;LIMOGES;87000.0;85
2746;LIMOGES;87100.0;85
2747;ST YRIEIX LA PERCHE;87500.0;187
2748;ST-LEONARD-DE-NOBLAT;87400.0;161
2749;BESSINES-SUR-GARTEMPE;87250.0;14
2750;LIMOGES;87280.0;85
2751;COUZEIX;87270.0;50
2752;GOLBEY;88190.0;209
2753;EPINAL;88000.0;160
2754;HADOL;88220.0;225
2755;DARNIEULLES;88390.0;126
2756;VITTEL;88800.0;516
2757;CAPAVENIR VOSGES;88150.0;465
2758;DAMAS-ET-BETTEGNEY;88270.0;122
2759;CHANTRAINE;88000.0;87
2760;DEYVILLERS;88000.0;132
2761;LONGCHAMP;88000.0;273
2762;CONTREXEVILLE;88140.0;114
2763;MIRECOURT;88500.0;304
2764;NEUFCHATEAU;88300.0;321
2765;CHENIMENIL;88460.0;101
2766;PIERREFITTE;88270.0;347
2767;LES FORGES;88390.0;178
2768;GIRANCOURT;88390.0;201
2769;LIFFOL-LE-GRAND;88350.0;270
2770;LAVELINE-DEVANT-BRUYERES;88600.0;262
2771;RAMBERVILLERS;88700.0;367
2772;JEUXEY;88000.0;253
2773;FRAIZE;88230.0;181
2774;PLAINFAING;88230.0;349
2775;RAON L ETAPE;88110.0;372
2776;XONRUPT-LONGEMER;88400.0;531
2777;GERARDMER;88400.0;196
2778;PAIR-ET-GRANDRUPT;88100.0;341
2779;SAINT DIE DES VOSGES;88100.0;413
2780;SAINTE-MARGUERITE;88100.0;424
2781;SAULCY-SUR-MEURTHE;88580.0;445
2782;MOYENMOUTIER;88420.0;319
2783;GERBEPAL;88430.0;198
2784;LA FORGE;88530.0;177
2785;VENTRON;88310.0;500
2786;BUSSANG;88540.0;81
2787;LA BRESSE;88250.0;75
2788;REMIREMONT;88200.0;383
2789;RAMONCHAMP;88160.0;369
2790;RUPT-SUR-MOSELLE;88360.0;408
2791;SAINT-NABORD;88200.0;429
2792;LE THILLOT;88160.0;468
2793;VAGNEY;88120.0;486
2794;SAPOIS;88120.0;442
2795;CORNIMONT;88310.0;116
2796;ST-ETIENNE-LES-REMIREMONT;88200.0;415
2797;POUXEUX;88550.0;358
2798;AUXERRE;89000.0;24
2799;ST GEORGES SUR BAULCHE;89000.0;346
2800;TONNERRE;89700.0;418
2801;CHEVANNES;89240.0;102
2802;VENOY;89290.0;438
2803;MONTREAL;89420.0;267
2804;AVALLON;89200.0;25
2805;VILLENEUVE SUR YONNE;89500.0;464
2806;PARON;89100.0;287
2807;ST CLEMENT;89100.0;338
2808;SENS;89100.0;387
2809;SAVIGNY SUR CLAIRIS;89150.0;380
2810;ST VALERIEN;89150.0;370
2811;MALAY LE GRAND;89100.0;239
2812;THORIGNY-SUR-OREUSE;89260.0;414
2813;CHEROY;89690.0;100
2814;BELFORT;90000.0;10
2815;OFFEMONT;90300.0;75
2816;BEAUCOURT;90500.0;9
2817;BONDOUFLE;91070.0;86
2818;CORBEIL ESSONNES;91100.0;174
2819;BOUSSY-SAINT-ANTOINE;91800.0;97
2820;BRUNOY;91800.0;114
2821;EVRY-COURCOURONNES;91000.0;228
2822;ETIOLLES;91450.0;225
2823;MENNECY;91540.0;386
2824;VILLABE;91100.0;659
2825;YERRES;91330.0;691
2826;COUDRAY-MONTCEAUX (LE);91830.0;179
2827;BALLANCOURT-SUR-ESSONNE;91610.0;45
2828;SAINT-PIERRE-DU-PERRAY;91280.0;573
2829;DRAVEIL;91210.0;201
2830;VARENNES-JARCY;91480.0;631
2831;CROSNE;91560.0;191
2832;MONTGERON;91230.0;421
2833;SOISY-SUR-SEINE;91450.0;600
2834;VIGNEUX SUR SEINE;91270.0;657
2835;FONTENAY-LE-VICOMTE;91540.0;244
2836;SAINT-GERMAIN-LES-CORBEIL;91250.0;553
2837;LISSES;91090.0;340
2838;SAINTRY-SUR-SEINE;91250.0;577
2839;RIS-ORANGIS;91130.0;521
2840;VERT LE PETIT;91710.0;649
2841;EPINAY-SOUS-SENART;91860.0;215
2842;QUINCY-SOUS-SENART;91480.0;514
2843;EVRY-COURCOURONNES;91080.0;228
2844;ORMOY;91540.0;468
2845;TIGERY;91250.0;617
2846;CHAMPCUEIL;91750.0;135
2847;VERT LE GRAND;91810.0;648
2848;SAVIGNY-SUR-ORGE;91600.0;589
2849;ATHIS MONS;91200.0;27
2850;JUVISY SUR ORGE;91260.0;326
2851;SAINTE-GENEVIEVE-DES-BOIS;91700.0;549
2852;LONGJUMEAU;91160.0;345
2853;MASSY;91300.0;377
2854;MORANGIS;91420.0;432
2855;WISSOUS;91320.0;689
2856;CHILLY MAZARIN;91380.0;161
2857;SAULX-LES-CHARTREUX;91160.0;587
2858;BALLAINVILLIERS;91160.0;44
2859;VIRY CHATILLON;91170.0;687
2860;VILLIERS-SUR-ORGE;91700.0;685
2861;MORSANG-SUR-ORGE;91390.0;434
2862;GRIGNY;91350.0;286
2863;VILLEMOISSON-S-ORGE;91360.0;667
2864;PARAY-VIEILLE-POSTE;91550.0;479
2865;EPINAY SUR ORGE;91360.0;216
2866;CHAMPLAN;91160.0;136
2867;FLEURY-MEROGIS;91700.0;235
2868;SAINT-MICHEL-SUR-ORGE;91240.0;570
2869;MONTLHERY;91310.0;425
2870;LINAS;91310.0;339
2871;BRETIGNY SUR ORGE;91220.0;103
2872;CHEPTAINVILLE;91630.0;156
2873;ARPAJON;91290.0;21
2874;SAINT-VRAIN;91770.0;579
2875;EGLY;91520.0;207
2876;LONGPONT-SUR-ORGE;91310.0;347
2877;LA NORVILLE;91290.0;457
2878;BRUYERES-LE-CHATEL;91680.0;115
2879;SAINT-GERMAIN-LES-ARPAJON;91180.0;552
2880;OLLAINVILLE;91340.0;461
2881;LEUVILLE-SUR-ORGE;91310.0;333
2882;LE PLESSIS PATE;91220.0;494
2883;LEUDEVILLE;91630.0;332
2884;MAROLLES-EN-HUREPOIX;91630.0;376
2885;ETAMPES;91150.0;223
2886;BOUTIGNY-SUR-ESSONNE;91820.0;99
2887;BOISSY-SOUS-SAINT-YON;91790.0;85
2888;ORMOY-LA-RIVIERE;91150.0;469
2889;ETRECHY;91580.0;226
2890;SOISY-SUR-ECOLE;91840.0;599
2891;DOURDAN;91410.0;200
2892;SACLAS;91690.0;533
2893;MILLY-LA-FORET;91490.0;405
2894;PUSSAY;91740.0;511
2895;ROINVILLE-SOUS-DOURDAN;91410.0;525
2896;BAULNE;91590.0;47
2897;CORBREUSE;91410.0;175
2898;FERTE-ALAIS (LA);91590.0;232
2899;CERNY;91590.0;129
2900;MORIGNY-CHAMPIGNY;91150.0;433
2901;GUIGNEVILLE;91590.0;293
2902;LARDY;91510.0;330
2903;D   HUISON LONGUEVILLE;91590.0;198
2904;BOURAY-SUR-JUINE;91850.0;95
2905;COURANCES;91490.0;180
2906;BREUILLET;91650.0;105
2907;BRIERES-LES-SCELLES;91150.0;109
2908;MAISSE;91720.0;359
2909;VAL-SAINT-GERMAIN (LE);91530.0;630
2910;SAINT-CYR-SOUS-DOURDAN;91410.0;546
2911;ITTEVILLE;91760.0;315
2912;SAINT-YON;91650.0;581
2913;CHAMARANDE;91730.0;132
2914;VAYRES-SUR-ESSONNE;91820.0;639
2915;BOISSY-LE-CUTTE;91590.0;80
2916;VILLENEUVE-SUR-AUVERS;91580.0;671
2917;ANGERVILLIERS;91470.0;17
2918;ANGERVILLE;91670.0;16
2919;MARCOUSSIS;91460.0;363
2920;BRIIS-SOUS-FORGES;91640.0;111
2921;ORSAY;91400.0;471
2922;GIF SUR YVETTE;91190.0;272
2923;PALAISEAU;91120.0;477
2924;FORGES-LES-BAINS;91470.0;249
2925;LES ULIS;91940.0;692
2926;BIEVRES;91570.0;64
2927;NOZAY;91620.0;458
2928;BURES SUR YVETTE;91440.0;122
2929;LIMOURS;91470.0;338
2930;IGNY;91430.0;312
2931;VERRIERES LE BUISSON;91370.0;645
2932;VILLE-DU-BOIS (LA);91620.0;665
2933;VILLEBON SUR YVETTE;91140.0;661
2934;VAUGRIGNEUSE;91640.0;634
2935;GOMETZ-LA-VILLE;91400.0;274
2936;VILLIERS-LE-BACLE;91190.0;679
2937;GOMETZ-LE-CHATEL;91940.0;275
2938;VILLEJUST;91140.0;666
2939;SAINT-JEAN-DE-BEAUREGARD;91940.0;560
2940;SACLAY;91400.0;534
2941;PUTEAUX;92800.0;62
2942;RUEIL-MALMAISON;92500.0;63
2943;SURESNES;92150.0;73
2944;NANTERRE;92000.0;50
2945;COURBEVOIE;92400.0;26
2946;BOIS-COLOMBES;92270.0;9
2947;LA GARENNE-COLOMBES;92250.0;35
2948;ASNIERES-SUR-SEINE;92600.0;4
2949;GENNEVILLIERS;92230.0;36
2950;COLOMBES;92700.0;25
2951;VILLENEUVE-LA-GARENNE;92390.0;78
2952;LEVALLOIS-PERRET;92300.0;44
2953;CLICHY;92110.0;24
2954;NEUILLY-SUR-SEINE;92200.0;51
2955;BOULOGNE-BILLANCOURT;92100.0;12
2956;VAUCRESSON;92420.0;76
2957;GARCHES;92380.0;33
2958;SAINT-CLOUD;92210.0;64
2959;MEUDON;92360.0;48
2960;SEVRES;92310.0;72
2961;BOULOGNE-BILLANCOURT;75016.0;12
2962;MEUDON;92190.0;48
2963;VILLE-D'AVRAY;92410.0;77
2964;CHAVILLE;92370.0;22
2965;CHATENAY-MALABRY;92290.0;19
2966;BOURG-LA-REINE;92340.0;14
2967;ISSY-LES-MOULINEAUX;92130.0;40
2968;MONTROUGE;92120.0;49
2969;FONTENAY-AUX-ROSES;92260.0;32
2970;CLAMART;92140.0;23
2971;ANTONY;92160.0;2
2972;VANVES;92170.0;75
2973;SCEAUX;92330.0;71
2974;LE PLESSIS-ROBINSON;92350.0;60
2975;CHATILLON;92320.0;20
2976;BAGNEUX;92220.0;7
2977;MALAKOFF;92240.0;46
2978;LE PRE-SAINT-GERVAIS;93310.0;61
2979;ROMAINVILLE;93230.0;63
2980;LES LILAS;93260.0;45
2981;BAGNOLET;93170.0;6
2982;NOISY-LE-SEC;93130.0;53
2983;BOBIGNY;93000.0;8
2984;LES PAVILLONS-SOUS-BOIS;93320.0;57
2985;DRANCY;93700.0;29
2986;BONDY;93140.0;10
2987;PANTIN;93500.0;55
2988;SAINT-OUEN-SUR-SEINE;93400.0;70
2989;AUBERVILLIERS;93300.0;1
2990;SAINT-DENIS;93200.0;66
2991;LA COURNEUVE;93120.0;27
2992;EPINAY SUR SEINE;93800.0;31
2993;SAINT-DENIS;93210.0;66
2994;PIERREFITTE-SUR-SEINE;93380.0;59
2995;STAINS;93240.0;72
2996;LE BOURGET;93350.0;13
2997;VILLETANEUSE;93430.0;79
2998;L'ILE-SAINT-DENIS;93450.0;39
2999;DUGNY;93440.0;30
3000;VAUJOURS;93410.0;74
3001;TREMBLAY-EN-FRANCE;93290.0;73
3002;COUBRON;93470.0;15
3003;SEVRAN;93270.0;71
3004;CLICHY SOUS BOIS;93390.0;14
3005;LIVRY-GARGAN;93190.0;46
3006;AULNAY SOUS BOIS;93600.0;5
3007;VILLEPINTE;93420.0;78
3008;LE BLANC-MESNIL;93150.0;7
3009;NEUILLY-SUR-MARNE;93330.0;50
3010;NEUILLY-PLAISANCE;93360.0;49
3011;GAGNY;93220.0;32
3012;NOISY-LE-GRAND;93160.0;51
3013;GOURNAY SUR MARNE;93460.0;33
3014;LE RAINCY;93340.0;62
3015;MONTFERMEIL;93370.0;47
3016;MONTREUIL;93100.0;48
3017;ROSNY-SOUS-BOIS;93110.0;64
3018;VILLEMOMBLE;93250.0;77
3019;ST MAURICE;94410.0;69
3020;SAINT-MAUR-DES-FOSSES;94210.0;68
3021;SAINT-MAUR-DES-FOSSES;94100.0;68
3022;JOINVILLE-LE-PONT;94340.0;42
3023;ALFORTVILLE;94140.0;2
3024;MAISONS-ALFORT;94700.0;46
3025;CHARENTON-LE-PONT;94220.0;18
3026;CRETEIL;94000.0;28
3027;BONNEUIL-SUR-MARNE;94380.0;11
3028;IVRY-SUR-SEINE;94200.0;41
3029;CACHAN;94230.0;16
3030;LE KREMLIN-BICETRE;94270.0;43
3031;VILLEJUIF;94800.0;76
3032;FRESNES;94260.0;34
3033;CHOISY-LE-ROI;94600.0;22
3034;VITRY-SUR-SEINE;94400.0;81
3035;THIAIS;94320.0;73
3036;L'HAY-LES-ROSES;94240.0;38
3037;ORLY;94310.0;54
3038;CHEVILLY-LARUE;94550.0;21
3039;RUNGIS;94150.0;65
3040;GENTILLY;94250.0;37
3041;ARCUEIL;94110.0;3
3042;VILLENEUVE-SAINT-GEORGES;94190.0;78
3043;PERIGNY;94520.0;56
3044;BOISSY-SAINT-LEGER;94470.0;4
3045;VALENTON;94460.0;74
3046;CHENNEVIERES SUR MARNE;94430.0;19
3047;LA QUEUE-EN-BRIE;94510.0;60
3048;VILLIERS-SUR-MARNE;94350.0;79
3049;SUCY-EN-BRIE;94370.0;71
3050;LIMEIL-BREVANNES;94450.0;44
3051;VILLECRESNES;94440.0;75
3052;ABLON-SUR-SEINE;94480.0;1
3053;LE PLESSIS-TREVISE;94420.0;59
3054;MANDRES-LES-ROSES;94520.0;47
3055;VILLENEUVE-LE-ROI;94290.0;77
3056;NOISEAU;94880.0;53
3057;SANTENY;94440.0;70
3058;ORMESSON-SUR-MARNE;94490.0;55
3059;MAROLLES-EN-BRIE;94440.0;48
3060;NOGENT-SUR-MARNE;94130.0;52
3061;VINCENNES;94300.0;80
3062;BRY-SUR-MARNE;94360.0;15
3063;SAINT-MANDE;94160.0;67
3064;FONTENAY-SOUS-BOIS;94120.0;33
3065;LE PERREUX-SUR-MARNE;94170.0;58
3066;CHAMPIGNY-SUR-MARNE;94500.0;17
3067;PONTOISE;95300.0;500
3068;MENUCOURT;95180.0;388
3069;ERAGNY-SUR-OISE;95610.0;218
3070;ST OUEN L AUMONE;95310.0;572
3071;NOINTEL;95590.0;452
3072;AUVERS-SUR-OISE;95430.0;39
3073;L'ISLE-ADAM;95290.0;313
3074;CERGY;95000.0;127
3075;PIERRELAYE;95480.0;488
3076;JOUY-LE-MOUTIER;95280.0;323
3077;OSNY;95520.0;476
3078;CERGY;95800.0;127
3079;BEAUMONT-SUR-OISE;95260.0;52
3080;MERIEL;95630.0;392
3081;MERY-SUR-OISE;95540.0;394
3082;PARMAIN;95620.0;480
3083;CORMEILLES-EN-VEXIN;95830.0;177
3084;COURDIMANCHE;95800.0;183
3085;MAGNY-EN-VEXIN;95420.0;355
3086;VAUREAL;95490.0;637
3087;PONTOISE;95000.0;500
3088;CHAMPAGNE SUR-OISE;95660.0;134
3089;CHARS;95750.0;142
3090;ENNERY;95300.0;211
3091;PERSAN;95340.0;487
3092;BOISSY-L'AILLERIE;95650.0;78
3093;MARINES;95640.0;370
3094;VILLIERS-ADAM;95840.0;678
3095;VALMONDOIS;95760.0;628
3096;LA ROCHE-GUYON;95780.0;523
3097;GENAINVILLE;95420.0;270
3098;BRUYERES-SUR-OISE;95820.0;116
3099;LABBEVILLE;95690.0;328
3100;VETHEUIL;95510.0;651
3101;GOUSSAINVILLE;95190.0;280
3102;BELLOY-EN-FRANCE;95270.0;56
3103;GONESSE;95500.0;277
3104;DOMONT;95330.0;199
3105;ARNOUVILLE;95400.0;19
3106;ROISSY-EN-FRANCE;95700.0;527
3107;SAINT-BRICE-SOUS-FORET;95350.0;539
3108;GARGES-LES-GONESSE;95140.0;268
3109;ECOUEN;95440.0;205
3110;LE THILLAY;95500.0;612
3111;SARCELLES;95200.0;585
3112;MONTSOULT;95560.0;430
3113;SAINT-WITZ;95470.0;580
3114;EZANVILLE;95460.0;229
3115;BOUFFEMONT;95570.0;91
3116;MAFFLIERS;95560.0;353
3117;BAILLET-EN-FRANCE;95560.0;42
3118;LOUVRES;95380.0;351
3119;FOSSES;95470.0;250
3120;VILLIERS-LE-BEL;95400.0;680
3121;LUZARCHES;95270.0;352
3122;VILLERON;95380.0;675
3123;VEMARS;95470.0;641
3124;VIARMES;95270.0;652
3125;BONNEUIL-EN-FRANCE;95500.0;88
3126;SURVILLIERS;95470.0;604
3127;MOISSELLES;95570.0;409
3128;ASNIERES-SUR-OISE;95270.0;26
3129;PUISEUX-EN-FRANCE;95380.0;509
3130;FONTENAY-EN-PARISIS;95190.0;241
3131;CHAUMONTEL;95270.0;149
3132;SEUGY;95270.0;594
3133;MONTMORENCY;95160.0;428
3134;ERMONT;95120.0;219
3135;EAUBONNE;95600.0;203
3136;FRANCONVILLE LA GARENNE;95130.0;252
3137;PLESSIS-BOUCHARD (LE);95130.0;491
3138;FREPILLON;95740.0;256
3139;TAVERNY;95150.0;607
3140;ENGHIEN LES BAINS;95880.0;210
3141;ST LEU LA FORET;95320.0;563
3142;ST GRATIEN;95210.0;555
3143;DEUIL LA BARRE;95170.0;197
3144;BEAUCHAMP;95250.0;51
3145;GROSLAY;95410.0;288
3146;BESSANCOURT;95550.0;60
3147;SAINT-PRIX;95390.0;574
3148;MARGENCY;95580.0;369
3149;SOISY SS MONTMORENCY;95230.0;598
3150;MONTMAGNY;95360.0;427
3151;MONTLIGNON;95680.0;426
3152;ANDILLY;95580.0;14
3153;SANNOIS;95110.0;582
3154;HERBLAY-SUR-SEINE;95220.0;306
3155;ARGENTEUIL;95100.0;18
3156;MONTIGNY LES CORMEILLES;95370.0;424
3157;BEZONS;95870.0;63
3158;LA FRETTE-SUR-SEINE;95530.0;257
3159;CORMEILLES-EN-PARISIS;95240.0;176
3160;SAINT MARTIN;97150.0;27
3161;SAINTE ANNE;97227.0;26
3162;SCHOELCHER;97233.0;29
3163;MARIN;97290.0;17
3164;FORT DE FRANCE;97200.0;9
3165;TROIS ILETS;97229.0;31
3166;CASE PILOTE;97222.0;5
3167;DUCOS;97224.0;7
3168;LE LAMENTIN;97232.0;13
3169;DIAMANT;97223.0;6
3170;VAUCLIN;97280.0;32
3171;SAINT JOSEPH;97212.0;24
3172;SAINTE LUCE;97228.0;27
3173;FORT DE FRANCE;97234.0;9
3174;FRANCOIS;97240.0;10
3175;ROBERT;97231.0;22
3176;AJOUPA BOUILLON;97216.0;1
3177;TRINITE;97220.0;30
3178;GROS MORNE;97213.0;12
3179;CAYENNE;97300.0;2
3180;REMIRE MONTJOLY;97354.0;9
3181;KOUROU;97310.0;4
3182;MATOURY;97351.0;7
3183;SAINT LAURENT DU MARONI;97320.0;11
3184;SAINTE MARIE;97438.0;18
3185;SAINT DENIS;97417.0;11
3186;SAINT DENIS;97400.0;11
3187;SAINT DENIS;97490.0;11
3188;SAINT-PAUL;97460.0;15
3189;SAINT-PAUL;97434.0;15
3190;SAINT-BENOIT;97470.0;10
3191;SAINT-ANDRE;97440.0;9
3192;LA POSSESSION;97419.0;8
3193;SAINT PIERRE;97410.0;16
3194;SAINT-LEU;97424.0;13
3195;PARIS 03;75003.0;103
3196;PARIS 01;75001.0;101
3197;PARIS 08;75008.0;108
3198;PARIS 06;75006.0;106
3199;PARIS 07;75007.0;107
3200;PARIS 05;75005.0;105
3201;PARIS 10;75010.0;110
3202;PARIS 09;75009.0;109
3203;PARIS 11;75011.0;111
3204;PARIS 12;75012.0;112
3205;PARIS 13;75013.0;113
3206;PARIS 14;75014.0;114
3207;PARIS 15;75015.0;115
3208;PARIS 16;75016.0;116
3209;PARIS 17;75017.0;117
3210;PARIS 18;75018.0;118
3211;PARIS 20;75020.0;120
3212;PARIS 19;75019.0;119
3213;PARIS 04;75004.0;104
3214;PARIS 02;75002.0;102
